Added Component: Designator=C1(CAP_0805)
Add component (AddParameter): Name = "Alternate Part Number-1"; Value = "NA"; VariantName = "[No Variations]"
Add component (AddParameter): Name = "Case/Package"; Value = "0805"; VariantName = "[No Variations]"
Add component (AddParameter): Name = "Manufacturer"; Value = "Yageo"; VariantName = "[No Variations]"
Add component (AddParameter): Name = "Manufacturer Part Number"; Value = "GRM21BR61H475KE51L"; VariantName = "[No Variations]"
Add component (AddParameter): Name = "Supplier Part Number-1"; Value = "CL21A475KBQNNNE"; VariantName = "[No Variations]"
Add component (AddParameter): Name = "Supplier-1"; Value = "SIRICOM"; VariantName = "[No Variations]"
Added Component: Designator=C2(CAP_0805)
Add component (AddParameter): Name = "Alternate Part Number-1"; Value = "NA"; VariantName = "[No Variations]"
Add component (AddParameter): Name = "Case/Package"; Value = "0805"; VariantName = "[No Variations]"
Add component (AddParameter): Name = "Manufacturer"; Value = "Samsung"; VariantName = "[No Variations]"
Add component (AddParameter): Name = "Manufacturer Part Number"; Value = "CL21B104KBCNNNC"; VariantName = "[No Variations]"
Add component (AddParameter): Name = "Supplier Part Number-1"; Value = "0805B104K500CT"; VariantName = "[No Variations]"
Add component (AddParameter): Name = "Supplier-1"; Value = "SIRICOM"; VariantName = "[No Variations]"
Added Component: Designator=C3(CAP_0805)
Add component (AddParameter): Name = "Alternate Part Number-1"; Value = "NA"; VariantName = "[No Variations]"
Add component (AddParameter): Name = "Case/Package"; Value = "0805"; VariantName = "[No Variations]"
Add component (AddParameter): Name = "Manufacturer"; Value = "Samsung"; VariantName = "[No Variations]"
Add component (AddParameter): Name = "Manufacturer Part Number"; Value = "CL21B104KBCNNNC"; VariantName = "[No Variations]"
Add component (AddParameter): Name = "Supplier Part Number-1"; Value = "0805B104K500CT"; VariantName = "[No Variations]"
Add component (AddParameter): Name = "Supplier-1"; Value = "SIRICOM"; VariantName = "[No Variations]"
Added Component: Designator=C4(CAP_0805)
Add component (AddParameter): Name = "Alternate Part Number-1"; Value = "NA"; VariantName = "[No Variations]"
Add component (AddParameter): Name = "Case/Package"; Value = "0805"; VariantName = "[No Variations]"
Add component (AddParameter): Name = "Manufacturer"; Value = "Samsung"; VariantName = "[No Variations]"
Add component (AddParameter): Name = "Manufacturer Part Number"; Value = "CL21B104KBCNNNC"; VariantName = "[No Variations]"
Add component (AddParameter): Name = "Supplier Part Number-1"; Value = "0805B104K500CT"; VariantName = "[No Variations]"
Add component (AddParameter): Name = "Supplier-1"; Value = "SIRICOM"; VariantName = "[No Variations]"
Added Component: Designator=C5(CAP_0805)
Add component (AddParameter): Name = "Alternate Part Number"; Value = "NA"; VariantName = "[No Variations]"
Add component (AddParameter): Name = "Case/Package"; Value = "0805"; VariantName = "[No Variations]"
Add component (AddParameter): Name = "Manufacturer"; Value = "KEMET"; VariantName = "[No Variations]"
Add component (AddParameter): Name = "Manufacturer Part Number"; Value = "C0805C300K5GAC7800"; VariantName = "[No Variations]"
Add component (AddParameter): Name = "Supplier Part Number-1"; Value = "399-17443-1-ND - Cut Tape (CT)"; VariantName = "[No Variations]"
Add component (AddParameter): Name = "Supplier-1"; Value = "Digikey"; VariantName = "[No Variations]"
Added Component: Designator=C6(CAP_0805)
Add component (AddParameter): Name = "Alternate Part Number"; Value = "NA"; VariantName = "[No Variations]"
Add component (AddParameter): Name = "Case/Package"; Value = "0805"; VariantName = "[No Variations]"
Add component (AddParameter): Name = "Manufacturer"; Value = "KEMET"; VariantName = "[No Variations]"
Add component (AddParameter): Name = "Manufacturer Part Number"; Value = "C0805C300K5GAC7800"; VariantName = "[No Variations]"
Add component (AddParameter): Name = "Supplier Part Number-1"; Value = "399-17443-1-ND - Cut Tape (CT)"; VariantName = "[No Variations]"
Add component (AddParameter): Name = "Supplier-1"; Value = "Digikey"; VariantName = "[No Variations]"
Added Component: Designator=C7(CAP_0805)
Add component (AddParameter): Name = "Alternate Part Number-1"; Value = "0805F105M500NT"; VariantName = "[No Variations]"
Add component (AddParameter): Name = "Case/Package"; Value = "0805"; VariantName = "[No Variations]"
Add component (AddParameter): Name = "Manufacturer"; Value = "Samsung"; VariantName = "[No Variations]"
Add component (AddParameter): Name = "Manufacturer Part Number"; Value = "CC0805JKX7R9BB105"; VariantName = "[No Variations]"
Add component (AddParameter): Name = "Supplier Part Number-1"; Value = "CL21B105KBFNNNE"; VariantName = "[No Variations]"
Add component (AddParameter): Name = "Supplier-1"; Value = "SIRICOM"; VariantName = "[No Variations]"
Added Component: Designator=C8(CAP_0805)
Add component (AddParameter): Name = "Alternate Part Number-1"; Value = "GRM2195C1H103JA01D"; VariantName = "[No Variations]"
Add component (AddParameter): Name = "Case/Package"; Value = "0805"; VariantName = "[No Variations]"
Add component (AddParameter): Name = "Manufacturer"; Value = "Samsung"; VariantName = "[No Variations]"
Add component (AddParameter): Name = "Manufacturer Part Number"; Value = "C0805C103K5RECAUTO"; VariantName = "[No Variations]"
Add component (AddParameter): Name = "Supplier Part Number-1"; Value = "0805B103K500CT"; VariantName = "[No Variations]"
Add component (AddParameter): Name = "Supplier-1"; Value = "SIRICOM"; VariantName = "[No Variations]"
Added Component: Designator=C9(CAP_0805)
Add component (AddParameter): Name = "Alternate Part Number-1"; Value = "NA"; VariantName = "[No Variations]"
Add component (AddParameter): Name = "Case/Package"; Value = "0805"; VariantName = "[No Variations]"
Add component (AddParameter): Name = "Manufacturer"; Value = "Samsung"; VariantName = "[No Variations]"
Add component (AddParameter): Name = "Manufacturer Part Number"; Value = "CL21B104KBCNNNC"; VariantName = "[No Variations]"
Add component (AddParameter): Name = "Supplier Part Number-1"; Value = "0805B104K500CT"; VariantName = "[No Variations]"
Add component (AddParameter): Name = "Supplier-1"; Value = "SIRICOM"; VariantName = "[No Variations]"
Added Component: Designator=C10(CAP_0805)
Add component (AddParameter): Name = "Alternate Part Number-1"; Value = "NA"; VariantName = "[No Variations]"
Add component (AddParameter): Name = "Case/Package"; Value = "0805"; VariantName = "[No Variations]"
Add component (AddParameter): Name = "Manufacturer"; Value = "Samsung"; VariantName = "[No Variations]"
Add component (AddParameter): Name = "Manufacturer Part Number"; Value = "CL21B104KBCNNNC"; VariantName = "[No Variations]"
Add component (AddParameter): Name = "Supplier Part Number-1"; Value = "0805B104K500CT"; VariantName = "[No Variations]"
Add component (AddParameter): Name = "Supplier-1"; Value = "SIRICOM"; VariantName = "[No Variations]"
Added Component: Designator=C11(CAP_0805)
Add component (AddParameter): Name = "Alternate Part Number-1"; Value = "NA"; VariantName = "[No Variations]"
Add component (AddParameter): Name = "Case/Package"; Value = "0805"; VariantName = "[No Variations]"
Add component (AddParameter): Name = "Manufacturer"; Value = "Samsung Electro-Mechanics"; VariantName = "[No Variations]"
Add component (AddParameter): Name = "Manufacturer Part Number"; Value = "CL21B202KBANNNC"; VariantName = "[No Variations]"
Add component (AddParameter): Name = "Supplier Part Number-1"; Value = "1276-2471-1-ND - Cut Tape (CT)"; VariantName = "[No Variations]"
Add component (AddParameter): Name = "Supplier-1"; Value = "Digikey"; VariantName = "[No Variations]"
Added Component: Designator=C12(CAP_1206)
Add component (AddParameter): Name = "Alternate Part Number-1"; Value = "GRT31CR61H106ME01L"; VariantName = "[No Variations]"
Add component (AddParameter): Name = "Case/Package"; Value = "1206"; VariantName = "[No Variations]"
Add component (AddParameter): Name = "Manufacturer"; Value = "KEMET"; VariantName = "[No Variations]"
Add component (AddParameter): Name = "Manufacturer Part Number"; Value = "CL31B106KBHNNNE"; VariantName = "[No Variations]"
Add component (AddParameter): Name = "Supplier Part Number-1"; Value = "CC1206KKX5R9BB106"; VariantName = "[No Variations]"
Add component (AddParameter): Name = "Supplier-1"; Value = "SIRICOM"; VariantName = "[No Variations]"
Added Component: Designator=C13(CAP_0805)
Add component (AddParameter): Name = "Alternate Part Number-1"; Value = "0805F105M500NT"; VariantName = "[No Variations]"
Add component (AddParameter): Name = "Case/Package"; Value = "0805"; VariantName = "[No Variations]"
Add component (AddParameter): Name = "Manufacturer"; Value = "Samsung"; VariantName = "[No Variations]"
Add component (AddParameter): Name = "Manufacturer Part Number"; Value = "CC0805JKX7R9BB105"; VariantName = "[No Variations]"
Add component (AddParameter): Name = "Supplier Part Number-1"; Value = "CL21B105KBFNNNE"; VariantName = "[No Variations]"
Add component (AddParameter): Name = "Supplier-1"; Value = "SIRICOM"; VariantName = "[No Variations]"
Added Component: Designator=C14(CAP_0805)
Add component (AddParameter): Name = "Alternate Part Number-1"; Value = "NA"; VariantName = "[No Variations]"
Add component (AddParameter): Name = "Case/Package"; Value = "0805"; VariantName = "[No Variations]"
Add component (AddParameter): Name = "Manufacturer"; Value = "Samsung"; VariantName = "[No Variations]"
Add component (AddParameter): Name = "Manufacturer Part Number"; Value = "CL21B104KBCNNNC"; VariantName = "[No Variations]"
Add component (AddParameter): Name = "Supplier Part Number-1"; Value = "0805B104K500CT"; VariantName = "[No Variations]"
Add component (AddParameter): Name = "Supplier-1"; Value = "SIRICOM"; VariantName = "[No Variations]"
Added Component: Designator=C15(CAP_0805)
Add component (AddParameter): Name = "Alternate Part Number-1"; Value = "GRM2195C1H103JA01D"; VariantName = "[No Variations]"
Add component (AddParameter): Name = "Case/Package"; Value = "0805"; VariantName = "[No Variations]"
Add component (AddParameter): Name = "Manufacturer"; Value = "Samsung"; VariantName = "[No Variations]"
Add component (AddParameter): Name = "Manufacturer Part Number"; Value = "C0805C103K5RECAUTO"; VariantName = "[No Variations]"
Add component (AddParameter): Name = "Supplier Part Number-1"; Value = "0805B103K500CT"; VariantName = "[No Variations]"
Add component (AddParameter): Name = "Supplier-1"; Value = "SIRICOM"; VariantName = "[No Variations]"
Added Component: Designator=C16(CAP_0805)
Add component (AddParameter): Name = "Alternate Part Number-1"; Value = "GRM2195C1H103JA01D"; VariantName = "[No Variations]"
Add component (AddParameter): Name = "Case/Package"; Value = "0805"; VariantName = "[No Variations]"
Add component (AddParameter): Name = "Manufacturer"; Value = "Samsung"; VariantName = "[No Variations]"
Add component (AddParameter): Name = "Manufacturer Part Number"; Value = "C0805C103K5RECAUTO"; VariantName = "[No Variations]"
Add component (AddParameter): Name = "Supplier Part Number-1"; Value = "0805B103K500CT"; VariantName = "[No Variations]"
Add component (AddParameter): Name = "Supplier-1"; Value = "SIRICOM"; VariantName = "[No Variations]"
Added Component: Designator=C17(CAP_0805)
Add component (AddParameter): Name = "Alternate Part Number-1"; Value = "NA"; VariantName = "[No Variations]"
Add component (AddParameter): Name = "Case/Package"; Value = "0805"; VariantName = "[No Variations]"
Add component (AddParameter): Name = "Manufacturer"; Value = "Samsung"; VariantName = "[No Variations]"
Add component (AddParameter): Name = "Manufacturer Part Number"; Value = "CL21B104KBCNNNC"; VariantName = "[No Variations]"
Add component (AddParameter): Name = "Supplier Part Number-1"; Value = "0805B104K500CT"; VariantName = "[No Variations]"
Add component (AddParameter): Name = "Supplier-1"; Value = "SIRICOM"; VariantName = "[No Variations]"
Added Component: Designator=C18(CAP_0805)
Add component (AddParameter): Name = "Alternate Part Number-1"; Value = "0805F105M500NT"; VariantName = "[No Variations]"
Add component (AddParameter): Name = "Case/Package"; Value = "0805"; VariantName = "[No Variations]"
Add component (AddParameter): Name = "Manufacturer"; Value = "Samsung"; VariantName = "[No Variations]"
Add component (AddParameter): Name = "Manufacturer Part Number"; Value = "CC0805JKX7R9BB105"; VariantName = "[No Variations]"
Add component (AddParameter): Name = "Supplier Part Number-1"; Value = "CL21B105KBFNNNE"; VariantName = "[No Variations]"
Add component (AddParameter): Name = "Supplier-1"; Value = "SIRICOM"; VariantName = "[No Variations]"
Added Component: Designator=C19(CAP_1206)
Add component (AddParameter): Name = "Alternate Part Number-1"; Value = "GRT31CR61H106ME01L"; VariantName = "[No Variations]"
Add component (AddParameter): Name = "Case/Package"; Value = "1206"; VariantName = "[No Variations]"
Add component (AddParameter): Name = "Manufacturer"; Value = "KEMET"; VariantName = "[No Variations]"
Add component (AddParameter): Name = "Manufacturer Part Number"; Value = "CL31B106KBHNNNE"; VariantName = "[No Variations]"
Add component (AddParameter): Name = "Supplier Part Number-1"; Value = "CC1206KKX5R9BB106"; VariantName = "[No Variations]"
Add component (AddParameter): Name = "Supplier-1"; Value = "SIRICOM"; VariantName = "[No Variations]"
Added Component: Designator=C20(CAP_0805)
Add component (AddParameter): Name = "Alternate Part Number-1"; Value = "NA"; VariantName = "[No Variations]"
Add component (AddParameter): Name = "Case/Package"; Value = "0805"; VariantName = "[No Variations]"
Add component (AddParameter): Name = "Manufacturer"; Value = "AVX Corporation"; VariantName = "[No Variations]"
Add component (AddParameter): Name = "Manufacturer Part Number"; Value = "08055A200KAT2A"; VariantName = "[No Variations]"
Add component (AddParameter): Name = "Supplier Part Number-1"; Value = "478-11887-1-ND - Cut Tape (CT)"; VariantName = "[No Variations]"
Add component (AddParameter): Name = "Supplier-1"; Value = "Digikey"; VariantName = "[No Variations]"
Added Component: Designator=C21(CAP_0805)
Add component (AddParameter): Name = "Alternate Part Number-1"; Value = "NA"; VariantName = "[No Variations]"
Add component (AddParameter): Name = "Case/Package"; Value = "0805"; VariantName = "[No Variations]"
Add component (AddParameter): Name = "Manufacturer"; Value = "AVX Corporation"; VariantName = "[No Variations]"
Add component (AddParameter): Name = "Manufacturer Part Number"; Value = "08055A200KAT2A"; VariantName = "[No Variations]"
Add component (AddParameter): Name = "Supplier Part Number-1"; Value = "478-11887-1-ND - Cut Tape (CT)"; VariantName = "[No Variations]"
Add component (AddParameter): Name = "Supplier-1"; Value = "Digikey"; VariantName = "[No Variations]"
Added Component: Designator=C22(CAP_P196_102X287_H332_RAD_TH)
Add component (AddParameter): Name = "Alternate Part Number-1"; Value = "NA"; VariantName = "[No Variations]"
Add component (AddParameter): Name = "Case/Package"; Value = "TH"; VariantName = "[No Variations]"
Add component (AddParameter): Name = "Manufacturer"; Value = "Yageo"; VariantName = "[No Variations]"
Add component (AddParameter): Name = "Manufacturer Part Number"; Value = "RDER73A103K2K1H03B"; VariantName = "[No Variations]"
Add component (AddParameter): Name = "Supplier Part Number-1"; Value = "RDER73A103K2K1H03B"; VariantName = "[No Variations]"
Add component (AddParameter): Name = "Supplier-1"; Value = "SP ROAD"; VariantName = "[No Variations]"
Added Component: Designator=C23(CAP_0805)
Add component (AddParameter): Name = "Alternate Part Number-1"; Value = "NA"; VariantName = "[No Variations]"
Add component (AddParameter): Name = "Case/Package"; Value = "0805"; VariantName = "[No Variations]"
Add component (AddParameter): Name = "Manufacturer"; Value = "Samsung"; VariantName = "[No Variations]"
Add component (AddParameter): Name = "Manufacturer Part Number"; Value = "CL21B104KBCNNNC"; VariantName = "[No Variations]"
Add component (AddParameter): Name = "Supplier Part Number-1"; Value = "0805B104K500CT"; VariantName = "[No Variations]"
Add component (AddParameter): Name = "Supplier-1"; Value = "SIRICOM"; VariantName = "[No Variations]"
Added Component: Designator=C24(CAP_0805)
Add component (AddParameter): Name = "Alternate Part Number-1"; Value = "0805F105M500NT"; VariantName = "[No Variations]"
Add component (AddParameter): Name = "Case/Package"; Value = "0805"; VariantName = "[No Variations]"
Add component (AddParameter): Name = "Manufacturer"; Value = "Samsung"; VariantName = "[No Variations]"
Add component (AddParameter): Name = "Manufacturer Part Number"; Value = "CC0805JKX7R9BB105"; VariantName = "[No Variations]"
Add component (AddParameter): Name = "Supplier Part Number-1"; Value = "CL21B105KBFNNNE"; VariantName = "[No Variations]"
Add component (AddParameter): Name = "Supplier-1"; Value = "SIRICOM"; VariantName = "[No Variations]"
Added Component: Designator=C25(ACAP_P305_D393_H393_RAD)
Add component (AddParameter): Name = "Alternate Part Number-1"; Value = "VEU101M1HTR-1010"; VariantName = "[No Variations]"
Add component (AddParameter): Name = "Case/Package"; Value = "Radial-SMD"; VariantName = "[No Variations]"
Add component (AddParameter): Name = "Manufacturer"; Value = "Nichicon"; VariantName = "[No Variations]"
Add component (AddParameter): Name = "Manufacturer Part Number"; Value = "GYA1H101MCQ1GS"; VariantName = "[No Variations]"
Add component (AddParameter): Name = "Supplier Part Number-1"; Value = "GYA1H101MCQ1GS"; VariantName = "[No Variations]"
Add component (AddParameter): Name = "Supplier-1"; Value = "SP ROAD"; VariantName = "[No Variations]"
Added Component: Designator=C26(CAP_0805)
Add component (AddParameter): Name = "Alternate Part Number-1"; Value = "NA"; VariantName = "[No Variations]"
Add component (AddParameter): Name = "Case/Package"; Value = "0805"; VariantName = "[No Variations]"
Add component (AddParameter): Name = "Manufacturer"; Value = "Samsung"; VariantName = "[No Variations]"
Add component (AddParameter): Name = "Manufacturer Part Number"; Value = "CL21B104KBCNNNC"; VariantName = "[No Variations]"
Add component (AddParameter): Name = "Supplier Part Number-1"; Value = "0805B104K500CT"; VariantName = "[No Variations]"
Add component (AddParameter): Name = "Supplier-1"; Value = "SIRICOM"; VariantName = "[No Variations]"
Added Component: Designator=C27(CAP_0805)
Add component (AddParameter): Name = "Alternate Part Number-1"; Value = "0805F105M500NT"; VariantName = "[No Variations]"
Add component (AddParameter): Name = "Case/Package"; Value = "0805"; VariantName = "[No Variations]"
Add component (AddParameter): Name = "Manufacturer"; Value = "Samsung"; VariantName = "[No Variations]"
Add component (AddParameter): Name = "Manufacturer Part Number"; Value = "CC0805JKX7R9BB105"; VariantName = "[No Variations]"
Add component (AddParameter): Name = "Supplier Part Number-1"; Value = "CL21B105KBFNNNE"; VariantName = "[No Variations]"
Add component (AddParameter): Name = "Supplier-1"; Value = "SIRICOM"; VariantName = "[No Variations]"
Added Component: Designator=C28(CAP_0805)
Add component (AddParameter): Name = "Alternate Part Number-1"; Value = "0805F105M500NT"; VariantName = "[No Variations]"
Add component (AddParameter): Name = "Case/Package"; Value = "0805"; VariantName = "[No Variations]"
Add component (AddParameter): Name = "Manufacturer"; Value = "Samsung"; VariantName = "[No Variations]"
Add component (AddParameter): Name = "Manufacturer Part Number"; Value = "CC0805JKX7R9BB105"; VariantName = "[No Variations]"
Add component (AddParameter): Name = "Supplier Part Number-1"; Value = "CL21B105KBFNNNE"; VariantName = "[No Variations]"
Add component (AddParameter): Name = "Supplier-1"; Value = "SIRICOM"; VariantName = "[No Variations]"
Added Component: Designator=C29(CAP_0805)
Add component (AddParameter): Name = "Alternate Part Number-1"; Value = "NA"; VariantName = "[No Variations]"
Add component (AddParameter): Name = "Case/Package"; Value = "0805"; VariantName = "[No Variations]"
Add component (AddParameter): Name = "Manufacturer"; Value = "Samsung"; VariantName = "[No Variations]"
Add component (AddParameter): Name = "Manufacturer Part Number"; Value = "CL21B104KBCNNNC"; VariantName = "[No Variations]"
Add component (AddParameter): Name = "Supplier Part Number-1"; Value = "0805B104K500CT"; VariantName = "[No Variations]"
Add component (AddParameter): Name = "Supplier-1"; Value = "SIRICOM"; VariantName = "[No Variations]"
Added Component: Designator=C30(CAP_0805)
Add component (AddParameter): Name = "Alternate Part Number-1"; Value = "NA"; VariantName = "[No Variations]"
Add component (AddParameter): Name = "Case/Package"; Value = "0805"; VariantName = "[No Variations]"
Add component (AddParameter): Name = "Manufacturer"; Value = "Samsung"; VariantName = "[No Variations]"
Add component (AddParameter): Name = "Manufacturer Part Number"; Value = "CL21B104KBCNNNC"; VariantName = "[No Variations]"
Add component (AddParameter): Name = "Supplier Part Number-1"; Value = "0805B104K500CT"; VariantName = "[No Variations]"
Add component (AddParameter): Name = "Supplier-1"; Value = "SIRICOM"; VariantName = "[No Variations]"
Added Component: Designator=C31(CAP_0805)
Add component (AddParameter): Name = "Alternate Part Number-1"; Value = "NA"; VariantName = "[No Variations]"
Add component (AddParameter): Name = "Case/Package"; Value = "0805"; VariantName = "[No Variations]"
Add component (AddParameter): Name = "Manufacturer"; Value = "Samsung"; VariantName = "[No Variations]"
Add component (AddParameter): Name = "Manufacturer Part Number"; Value = "CL21B104KBCNNNC"; VariantName = "[No Variations]"
Add component (AddParameter): Name = "Supplier Part Number-1"; Value = "0805B104K500CT"; VariantName = "[No Variations]"
Add component (AddParameter): Name = "Supplier-1"; Value = "SIRICOM"; VariantName = "[No Variations]"
Added Component: Designator=C32(CAP_0805)
Add component (AddParameter): Name = "Alternate Part Number-1"; Value = "NA"; VariantName = "[No Variations]"
Add component (AddParameter): Name = "Case/Package"; Value = "0805"; VariantName = "[No Variations]"
Add component (AddParameter): Name = "Manufacturer"; Value = "Samsung"; VariantName = "[No Variations]"
Add component (AddParameter): Name = "Manufacturer Part Number"; Value = "CL21B104KBCNNNC"; VariantName = "[No Variations]"
Add component (AddParameter): Name = "Supplier Part Number-1"; Value = "0805B104K500CT"; VariantName = "[No Variations]"
Add component (AddParameter): Name = "Supplier-1"; Value = "SIRICOM"; VariantName = "[No Variations]"
Added Component: Designator=C33(CAP_0805)
Add component (AddParameter): Name = "Alternate Part Number-1"; Value = "GRM2195C1H103JA01D"; VariantName = "[No Variations]"
Add component (AddParameter): Name = "Case/Package"; Value = "0805"; VariantName = "[No Variations]"
Add component (AddParameter): Name = "Manufacturer"; Value = "Samsung"; VariantName = "[No Variations]"
Add component (AddParameter): Name = "Manufacturer Part Number"; Value = "C0805C103K5RECAUTO"; VariantName = "[No Variations]"
Add component (AddParameter): Name = "Supplier Part Number-1"; Value = "0805B103K500CT"; VariantName = "[No Variations]"
Add component (AddParameter): Name = "Supplier-1"; Value = "SIRICOM"; VariantName = "[No Variations]"
Added Component: Designator=C34(CAP_0805)
Add component (AddParameter): Name = "Alternate Part Number-1"; Value = "GRM2195C1H103JA01D"; VariantName = "[No Variations]"
Add component (AddParameter): Name = "Case/Package"; Value = "0805"; VariantName = "[No Variations]"
Add component (AddParameter): Name = "Manufacturer"; Value = "Samsung"; VariantName = "[No Variations]"
Add component (AddParameter): Name = "Manufacturer Part Number"; Value = "C0805C103K5RECAUTO"; VariantName = "[No Variations]"
Add component (AddParameter): Name = "Supplier Part Number-1"; Value = "0805B103K500CT"; VariantName = "[No Variations]"
Add component (AddParameter): Name = "Supplier-1"; Value = "SIRICOM"; VariantName = "[No Variations]"
Added Component: Designator=C35(CAP_0805)
Add component (AddParameter): Name = "Alternate Part Number-1"; Value = "NA"; VariantName = "[No Variations]"
Add component (AddParameter): Name = "Case/Package"; Value = "0805"; VariantName = "[No Variations]"
Add component (AddParameter): Name = "Manufacturer"; Value = "Samsung"; VariantName = "[No Variations]"
Add component (AddParameter): Name = "Manufacturer Part Number"; Value = "CL21B104KBCNNNC"; VariantName = "[No Variations]"
Add component (AddParameter): Name = "Supplier Part Number-1"; Value = "0805B104K500CT"; VariantName = "[No Variations]"
Add component (AddParameter): Name = "Supplier-1"; Value = "SIRICOM"; VariantName = "[No Variations]"
Added Component: Designator=C36(CAP_0805)
Add component (AddParameter): Name = "Alternate Part Number-1"; Value = "NA"; VariantName = "[No Variations]"
Add component (AddParameter): Name = "Case/Package"; Value = "0805"; VariantName = "[No Variations]"
Add component (AddParameter): Name = "Manufacturer"; Value = "Samsung Electro-Mechanics"; VariantName = "[No Variations]"
Add component (AddParameter): Name = "Manufacturer Part Number"; Value = "CL21B223KBANNNC"; VariantName = "[No Variations]"
Add component (AddParameter): Name = "Supplier Part Number-1"; Value = "1276-1081-1-ND - Cut Tape (CT)"; VariantName = "[No Variations]"
Add component (AddParameter): Name = "Supplier-1"; Value = "Digikey"; VariantName = "[No Variations]"
Added Component: Designator=C37(CAP_0805)
Add component (AddParameter): Name = "Alternate Part Number-1"; Value = "NA"; VariantName = "[No Variations]"
Add component (AddParameter): Name = "Case/Package"; Value = "0805"; VariantName = "[No Variations]"
Add component (AddParameter): Name = "Manufacturer"; Value = "Samsung"; VariantName = "[No Variations]"
Add component (AddParameter): Name = "Manufacturer Part Number"; Value = "CL21B104KBCNNNC"; VariantName = "[No Variations]"
Add component (AddParameter): Name = "Supplier Part Number-1"; Value = "0805B104K500CT"; VariantName = "[No Variations]"
Add component (AddParameter): Name = "Supplier-1"; Value = "SIRICOM"; VariantName = "[No Variations]"
Added Component: Designator=C38(CAP_0805)
Add component (AddParameter): Name = "Alternate Part Number-1"; Value = "NA"; VariantName = "[No Variations]"
Add component (AddParameter): Name = "Case/Package"; Value = "0805"; VariantName = "[No Variations]"
Add component (AddParameter): Name = "Manufacturer"; Value = "Samsung"; VariantName = "[No Variations]"
Add component (AddParameter): Name = "Manufacturer Part Number"; Value = "CL21B104KBCNNNC"; VariantName = "[No Variations]"
Add component (AddParameter): Name = "Supplier Part Number-1"; Value = "0805B104K500CT"; VariantName = "[No Variations]"
Add component (AddParameter): Name = "Supplier-1"; Value = "SIRICOM"; VariantName = "[No Variations]"
Added Component: Designator=C39(CAP_0805)
Add component (AddParameter): Name = "Alternate Part Number-1"; Value = "0805F105M500NT"; VariantName = "[No Variations]"
Add component (AddParameter): Name = "Case/Package"; Value = "0805"; VariantName = "[No Variations]"
Add component (AddParameter): Name = "Manufacturer"; Value = "Samsung"; VariantName = "[No Variations]"
Add component (AddParameter): Name = "Manufacturer Part Number"; Value = "CC0805JKX7R9BB105"; VariantName = "[No Variations]"
Add component (AddParameter): Name = "Supplier Part Number-1"; Value = "CL21B105KBFNNNE"; VariantName = "[No Variations]"
Add component (AddParameter): Name = "Supplier-1"; Value = "SIRICOM"; VariantName = "[No Variations]"
Added Component: Designator=C40(CAP_0805)
Add component (AddParameter): Name = "Alternate Part Number-1"; Value = "NA"; VariantName = "[No Variations]"
Add component (AddParameter): Name = "Case/Package"; Value = "0805"; VariantName = "[No Variations]"
Add component (AddParameter): Name = "Manufacturer"; Value = "Samsung Electro-Mechanics"; VariantName = "[No Variations]"
Add component (AddParameter): Name = "Manufacturer Part Number"; Value = "CL21B223KBANNNC"; VariantName = "[No Variations]"
Add component (AddParameter): Name = "Supplier Part Number-1"; Value = "1276-1081-1-ND - Cut Tape (CT)"; VariantName = "[No Variations]"
Add component (AddParameter): Name = "Supplier-1"; Value = "Digikey"; VariantName = "[No Variations]"
Added Component: Designator=C41(CAP_0805)
Add component (AddParameter): Name = "Alternate Part Number-1"; Value = "0805F105M500NT"; VariantName = "[No Variations]"
Add component (AddParameter): Name = "Case/Package"; Value = "0805"; VariantName = "[No Variations]"
Add component (AddParameter): Name = "Manufacturer"; Value = "Samsung"; VariantName = "[No Variations]"
Add component (AddParameter): Name = "Manufacturer Part Number"; Value = "CC0805JKX7R9BB105"; VariantName = "[No Variations]"
Add component (AddParameter): Name = "Supplier Part Number-1"; Value = "CL21B105KBFNNNE"; VariantName = "[No Variations]"
Add component (AddParameter): Name = "Supplier-1"; Value = "SIRICOM"; VariantName = "[No Variations]"
Added Component: Designator=C42(CAP_0805)
Add component (AddParameter): Name = "Alternate Part Number-1"; Value = "NA"; VariantName = "[No Variations]"
Add component (AddParameter): Name = "Case/Package"; Value = "0805"; VariantName = "[No Variations]"
Add component (AddParameter): Name = "Manufacturer"; Value = "Samsung"; VariantName = "[No Variations]"
Add component (AddParameter): Name = "Manufacturer Part Number"; Value = "CL21B104KBCNNNC"; VariantName = "[No Variations]"
Add component (AddParameter): Name = "Supplier Part Number-1"; Value = "0805B104K500CT"; VariantName = "[No Variations]"
Add component (AddParameter): Name = "Supplier-1"; Value = "SIRICOM"; VariantName = "[No Variations]"
Added Component: Designator=C43(CAP_0805)
Add component (AddParameter): Name = "Alternate Part Number-1"; Value = "0805F105M500NT"; VariantName = "[No Variations]"
Add component (AddParameter): Name = "Case/Package"; Value = "0805"; VariantName = "[No Variations]"
Add component (AddParameter): Name = "Manufacturer"; Value = "Samsung"; VariantName = "[No Variations]"
Add component (AddParameter): Name = "Manufacturer Part Number"; Value = "CC0805JKX7R9BB105"; VariantName = "[No Variations]"
Add component (AddParameter): Name = "Supplier Part Number-1"; Value = "CL21B105KBFNNNE"; VariantName = "[No Variations]"
Add component (AddParameter): Name = "Supplier-1"; Value = "SIRICOM"; VariantName = "[No Variations]"
Added Component: Designator=C44(CAP_0805)
Add component (AddParameter): Name = "Alternate Part Number-1"; Value = "0805F105M500NT"; VariantName = "[No Variations]"
Add component (AddParameter): Name = "Case/Package"; Value = "0805"; VariantName = "[No Variations]"
Add component (AddParameter): Name = "Manufacturer"; Value = "Samsung"; VariantName = "[No Variations]"
Add component (AddParameter): Name = "Manufacturer Part Number"; Value = "CC0805JKX7R9BB105"; VariantName = "[No Variations]"
Add component (AddParameter): Name = "Supplier Part Number-1"; Value = "CL21B105KBFNNNE"; VariantName = "[No Variations]"
Add component (AddParameter): Name = "Supplier-1"; Value = "SIRICOM"; VariantName = "[No Variations]"
Added Component: Designator=C45(CAP_0805)
Add component (AddParameter): Name = "Alternate Part Number-1"; Value = "NA"; VariantName = "[No Variations]"
Add component (AddParameter): Name = "Case/Package"; Value = "0805"; VariantName = "[No Variations]"
Add component (AddParameter): Name = "Manufacturer"; Value = "Samsung"; VariantName = "[No Variations]"
Add component (AddParameter): Name = "Manufacturer Part Number"; Value = "CL21B104KBCNNNC"; VariantName = "[No Variations]"
Add component (AddParameter): Name = "Supplier Part Number-1"; Value = "0805B104K500CT"; VariantName = "[No Variations]"
Add component (AddParameter): Name = "Supplier-1"; Value = "SIRICOM"; VariantName = "[No Variations]"
Added Component: Designator=C46(CAP_0805)
Add component (AddParameter): Name = "Alternate Part Number-1"; Value = "0805F105M500NT"; VariantName = "[No Variations]"
Add component (AddParameter): Name = "Case/Package"; Value = "0805"; VariantName = "[No Variations]"
Add component (AddParameter): Name = "Manufacturer"; Value = "Samsung"; VariantName = "[No Variations]"
Add component (AddParameter): Name = "Manufacturer Part Number"; Value = "CC0805JKX7R9BB105"; VariantName = "[No Variations]"
Add component (AddParameter): Name = "Supplier Part Number-1"; Value = "CL21B105KBFNNNE"; VariantName = "[No Variations]"
Add component (AddParameter): Name = "Supplier-1"; Value = "SIRICOM"; VariantName = "[No Variations]"
Added Component: Designator=C47(CAP_1206)
Add component (AddParameter): Name = "Alternate Part Number-1"; Value = "GRT31CR61H106ME01L"; VariantName = "[No Variations]"
Add component (AddParameter): Name = "Case/Package"; Value = "1206"; VariantName = "[No Variations]"
Add component (AddParameter): Name = "Manufacturer"; Value = "KEMET"; VariantName = "[No Variations]"
Add component (AddParameter): Name = "Manufacturer Part Number"; Value = "CL31B106KBHNNNE"; VariantName = "[No Variations]"
Add component (AddParameter): Name = "Supplier Part Number-1"; Value = "CC1206KKX5R9BB106"; VariantName = "[No Variations]"
Add component (AddParameter): Name = "Supplier-1"; Value = "SIRICOM"; VariantName = "[No Variations]"
Added Component: Designator=C48(CAP_0805)
Add component (AddParameter): Name = "Alternate Part Number-1"; Value = "NA"; VariantName = "[No Variations]"
Add component (AddParameter): Name = "Case/Package"; Value = "0805"; VariantName = "[No Variations]"
Add component (AddParameter): Name = "Manufacturer"; Value = "Samsung"; VariantName = "[No Variations]"
Add component (AddParameter): Name = "Manufacturer Part Number"; Value = "CL21B104KBCNNNC"; VariantName = "[No Variations]"
Add component (AddParameter): Name = "Supplier Part Number-1"; Value = "0805B104K500CT"; VariantName = "[No Variations]"
Add component (AddParameter): Name = "Supplier-1"; Value = "SIRICOM"; VariantName = "[No Variations]"
Added Component: Designator=C49(CAP_0805)
Add component (AddParameter): Name = "Alternate Part Number-1"; Value = "NA"; VariantName = "[No Variations]"
Add component (AddParameter): Name = "Case/Package"; Value = "0805"; VariantName = "[No Variations]"
Add component (AddParameter): Name = "Manufacturer"; Value = "AVX Corporation"; VariantName = "[No Variations]"
Add component (AddParameter): Name = "Manufacturer Part Number"; Value = "08055A151KAT2A"; VariantName = "[No Variations]"
Add component (AddParameter): Name = "Supplier Part Number-1"; Value = "478-10501-1-ND - Cut Tape (CT)"; VariantName = "[No Variations]"
Add component (AddParameter): Name = "Supplier-1"; Value = "Digikey"; VariantName = "[No Variations]"
Added Component: Designator=C50(CAP_0805)
Add component (AddParameter): Name = "Alternate Part Number-1"; Value = "NA"; VariantName = "[No Variations]"
Add component (AddParameter): Name = "Case/Package"; Value = "0805"; VariantName = "[No Variations]"
Add component (AddParameter): Name = "Manufacturer"; Value = "AVX Corporation"; VariantName = "[No Variations]"
Add component (AddParameter): Name = "Manufacturer Part Number"; Value = "08055A151KAT2A"; VariantName = "[No Variations]"
Add component (AddParameter): Name = "Supplier Part Number-1"; Value = "478-10501-1-ND - Cut Tape (CT)"; VariantName = "[No Variations]"
Add component (AddParameter): Name = "Supplier-1"; Value = "Digikey"; VariantName = "[No Variations]"
Added Component: Designator=C51(CAP_0805)
Add component (AddParameter): Name = "Alternate Part Number-1"; Value = "0805F105M500NT"; VariantName = "[No Variations]"
Add component (AddParameter): Name = "Case/Package"; Value = "0805"; VariantName = "[No Variations]"
Add component (AddParameter): Name = "Manufacturer"; Value = "Samsung"; VariantName = "[No Variations]"
Add component (AddParameter): Name = "Manufacturer Part Number"; Value = "CC0805JKX7R9BB105"; VariantName = "[No Variations]"
Add component (AddParameter): Name = "Supplier Part Number-1"; Value = "CL21B105KBFNNNE"; VariantName = "[No Variations]"
Add component (AddParameter): Name = "Supplier-1"; Value = "SIRICOM"; VariantName = "[No Variations]"
Added Component: Designator=C52(CAP_1206)
Add component (AddParameter): Name = "Alternate Part Number-1"; Value = "GRT31CR61H106ME01L"; VariantName = "[No Variations]"
Add component (AddParameter): Name = "Case/Package"; Value = "1206"; VariantName = "[No Variations]"
Add component (AddParameter): Name = "Manufacturer"; Value = "KEMET"; VariantName = "[No Variations]"
Add component (AddParameter): Name = "Manufacturer Part Number"; Value = "CL31B106KBHNNNE"; VariantName = "[No Variations]"
Add component (AddParameter): Name = "Supplier Part Number-1"; Value = "CC1206KKX5R9BB106"; VariantName = "[No Variations]"
Add component (AddParameter): Name = "Supplier-1"; Value = "SIRICOM"; VariantName = "[No Variations]"
Added Component: Designator=C53(CAP_0805)
Add component (AddParameter): Name = "Alternate Part Number-1"; Value = "NA"; VariantName = "[No Variations]"
Add component (AddParameter): Name = "Case/Package"; Value = "0805"; VariantName = "[No Variations]"
Add component (AddParameter): Name = "Manufacturer"; Value = "Samsung"; VariantName = "[No Variations]"
Add component (AddParameter): Name = "Manufacturer Part Number"; Value = "CL21B104KBCNNNC"; VariantName = "[No Variations]"
Add component (AddParameter): Name = "Supplier Part Number-1"; Value = "0805B104K500CT"; VariantName = "[No Variations]"
Add component (AddParameter): Name = "Supplier-1"; Value = "SIRICOM"; VariantName = "[No Variations]"
Added Component: Designator=C54(CAP_0805)
Add component (AddParameter): Name = "Alternate Part Number-1"; Value = "0805F105M500NT"; VariantName = "[No Variations]"
Add component (AddParameter): Name = "Case/Package"; Value = "0805"; VariantName = "[No Variations]"
Add component (AddParameter): Name = "Manufacturer"; Value = "Samsung"; VariantName = "[No Variations]"
Add component (AddParameter): Name = "Manufacturer Part Number"; Value = "CC0805JKX7R9BB105"; VariantName = "[No Variations]"
Add component (AddParameter): Name = "Supplier Part Number-1"; Value = "CL21B105KBFNNNE"; VariantName = "[No Variations]"
Add component (AddParameter): Name = "Supplier-1"; Value = "SIRICOM"; VariantName = "[No Variations]"
Added Component: Designator=C55(CAP_0805)
Add component (AddParameter): Name = "Alternate Part Number-1"; Value = "NA"; VariantName = "[No Variations]"
Add component (AddParameter): Name = "Case/Package"; Value = "0805"; VariantName = "[No Variations]"
Add component (AddParameter): Name = "Manufacturer"; Value = "Samsung"; VariantName = "[No Variations]"
Add component (AddParameter): Name = "Manufacturer Part Number"; Value = "CL21B104KBCNNNC"; VariantName = "[No Variations]"
Add component (AddParameter): Name = "Supplier Part Number-1"; Value = "0805B104K500CT"; VariantName = "[No Variations]"
Add component (AddParameter): Name = "Supplier-1"; Value = "SIRICOM"; VariantName = "[No Variations]"
Added Component: Designator=C56(CAP_0805)
Add component (AddParameter): Name = "Alternate Part Number-1"; Value = "NA"; VariantName = "[No Variations]"
Add component (AddParameter): Name = "Case/Package"; Value = "0805"; VariantName = "[No Variations]"
Add component (AddParameter): Name = "Manufacturer"; Value = "Samsung"; VariantName = "[No Variations]"
Add component (AddParameter): Name = "Manufacturer Part Number"; Value = "CL21B104KBCNNNC"; VariantName = "[No Variations]"
Add component (AddParameter): Name = "Supplier Part Number-1"; Value = "0805B104K500CT"; VariantName = "[No Variations]"
Add component (AddParameter): Name = "Supplier-1"; Value = "SIRICOM"; VariantName = "[No Variations]"
Added Component: Designator=C57(CAP_0805)
Add component (AddParameter): Name = "Alternate Part Number-1"; Value = "NA"; VariantName = "[No Variations]"
Add component (AddParameter): Name = "Case/Package"; Value = "0805"; VariantName = "[No Variations]"
Add component (AddParameter): Name = "Manufacturer"; Value = "Yageo"; VariantName = "[No Variations]"
Add component (AddParameter): Name = "Manufacturer Part Number"; Value = "GRM21BR61H475KE51L"; VariantName = "[No Variations]"
Add component (AddParameter): Name = "Supplier Part Number-1"; Value = "CL21A475KBQNNNE"; VariantName = "[No Variations]"
Add component (AddParameter): Name = "Supplier-1"; Value = "SIRICOM"; VariantName = "[No Variations]"
Added Component: Designator=C58(CAP_0805)
Add component (AddParameter): Name = "Alternate Part Number-1"; Value = "NA"; VariantName = "[No Variations]"
Add component (AddParameter): Name = "Case/Package"; Value = "0805"; VariantName = "[No Variations]"
Add component (AddParameter): Name = "Manufacturer"; Value = "Yageo"; VariantName = "[No Variations]"
Add component (AddParameter): Name = "Manufacturer Part Number"; Value = "GRM21BR61H475KE51L"; VariantName = "[No Variations]"
Add component (AddParameter): Name = "Supplier Part Number-1"; Value = "CL21A475KBQNNNE"; VariantName = "[No Variations]"
Add component (AddParameter): Name = "Supplier-1"; Value = "SIRICOM"; VariantName = "[No Variations]"
Added Component: Designator=C59(CAP_0805)
Add component (AddParameter): Name = "Alternate Part Number-1"; Value = "NA"; VariantName = "[No Variations]"
Add component (AddParameter): Name = "Case/Package"; Value = "0805"; VariantName = "[No Variations]"
Add component (AddParameter): Name = "Manufacturer"; Value = "Samsung"; VariantName = "[No Variations]"
Add component (AddParameter): Name = "Manufacturer Part Number"; Value = "CL21B104KBCNNNC"; VariantName = "[No Variations]"
Add component (AddParameter): Name = "Supplier Part Number-1"; Value = "0805B104K500CT"; VariantName = "[No Variations]"
Add component (AddParameter): Name = "Supplier-1"; Value = "SIRICOM"; VariantName = "[No Variations]"
Added Component: Designator=C60(CAP_0805)
Add component (AddParameter): Name = "Alternate Part Number-1"; Value = "NA"; VariantName = "[No Variations]"
Add component (AddParameter): Name = "Case/Package"; Value = "0805"; VariantName = "[No Variations]"
Add component (AddParameter): Name = "Manufacturer"; Value = "Samsung"; VariantName = "[No Variations]"
Add component (AddParameter): Name = "Manufacturer Part Number"; Value = "CL21B104KBCNNNC"; VariantName = "[No Variations]"
Add component (AddParameter): Name = "Supplier Part Number-1"; Value = "0805B104K500CT"; VariantName = "[No Variations]"
Add component (AddParameter): Name = "Supplier-1"; Value = "SIRICOM"; VariantName = "[No Variations]"
Added Component: Designator=C61(CAP_0805)
Add component (AddParameter): Name = "Alternate Part Number-1"; Value = "NA"; VariantName = "[No Variations]"
Add component (AddParameter): Name = "Case/Package"; Value = "0805"; VariantName = "[No Variations]"
Add component (AddParameter): Name = "Manufacturer"; Value = "Samsung"; VariantName = "[No Variations]"
Add component (AddParameter): Name = "Manufacturer Part Number"; Value = "CL21B104KBCNNNC"; VariantName = "[No Variations]"
Add component (AddParameter): Name = "Supplier Part Number-1"; Value = "0805B104K500CT"; VariantName = "[No Variations]"
Add component (AddParameter): Name = "Supplier-1"; Value = "SIRICOM"; VariantName = "[No Variations]"
Added Component: Designator=C62(CAP_0805)
Add component (AddParameter): Name = "Alternate Part Number-1"; Value = "NA"; VariantName = "[No Variations]"
Add component (AddParameter): Name = "Case/Package"; Value = "0805"; VariantName = "[No Variations]"
Add component (AddParameter): Name = "Manufacturer"; Value = "Samsung"; VariantName = "[No Variations]"
Add component (AddParameter): Name = "Manufacturer Part Number"; Value = "CL21B104KBCNNNC"; VariantName = "[No Variations]"
Add component (AddParameter): Name = "Supplier Part Number-1"; Value = "0805B104K500CT"; VariantName = "[No Variations]"
Add component (AddParameter): Name = "Supplier-1"; Value = "SIRICOM"; VariantName = "[No Variations]"
Added Component: Designator=C63(CAP_0805)
Add component (AddParameter): Name = "Alternate Part Number-1"; Value = "NA"; VariantName = "[No Variations]"
Add component (AddParameter): Name = "Case/Package"; Value = "0805"; VariantName = "[No Variations]"
Add component (AddParameter): Name = "Manufacturer"; Value = "Samsung"; VariantName = "[No Variations]"
Add component (AddParameter): Name = "Manufacturer Part Number"; Value = "CL21B104KBCNNNC"; VariantName = "[No Variations]"
Add component (AddParameter): Name = "Supplier Part Number-1"; Value = "0805B104K500CT"; VariantName = "[No Variations]"
Add component (AddParameter): Name = "Supplier-1"; Value = "SIRICOM"; VariantName = "[No Variations]"
Added Component: Designator=C64(CAP_0805)
Add component (AddParameter): Name = "Alternate Part Number-1"; Value = "NA"; VariantName = "[No Variations]"
Add component (AddParameter): Name = "Case/Package"; Value = "0805"; VariantName = "[No Variations]"
Add component (AddParameter): Name = "Manufacturer"; Value = "Samsung"; VariantName = "[No Variations]"
Add component (AddParameter): Name = "Manufacturer Part Number"; Value = "CL21B104KBCNNNC"; VariantName = "[No Variations]"
Add component (AddParameter): Name = "Supplier Part Number-1"; Value = "0805B104K500CT"; VariantName = "[No Variations]"
Add component (AddParameter): Name = "Supplier-1"; Value = "SIRICOM"; VariantName = "[No Variations]"
Added Component: Designator=C65(CAP_0805)
Add component (AddParameter): Name = "Alternate Part Number-1"; Value = "NA"; VariantName = "[No Variations]"
Add component (AddParameter): Name = "Case/Package"; Value = "0805"; VariantName = "[No Variations]"
Add component (AddParameter): Name = "Manufacturer"; Value = "Samsung"; VariantName = "[No Variations]"
Add component (AddParameter): Name = "Manufacturer Part Number"; Value = "CL21B104KBCNNNC"; VariantName = "[No Variations]"
Add component (AddParameter): Name = "Supplier Part Number-1"; Value = "0805B104K500CT"; VariantName = "[No Variations]"
Add component (AddParameter): Name = "Supplier-1"; Value = "SIRICOM"; VariantName = "[No Variations]"
Added Component: Designator=C66(CAP_0805)
Add component (AddParameter): Name = "Alternate Part Number"; Value = "NA"; VariantName = "[No Variations]"
Add component (AddParameter): Name = "Case/Package"; Value = "0805"; VariantName = "[No Variations]"
Add component (AddParameter): Name = "Manufacturer"; Value = "KEMET"; VariantName = "[No Variations]"
Add component (AddParameter): Name = "Manufacturer Part Number"; Value = "C0805C300K5GAC7800"; VariantName = "[No Variations]"
Add component (AddParameter): Name = "Supplier Part Number-1"; Value = "399-17443-1-ND - Cut Tape (CT)"; VariantName = "[No Variations]"
Add component (AddParameter): Name = "Supplier-1"; Value = "Digikey"; VariantName = "[No Variations]"
Added Component: Designator=C67(CAP_0805)
Add component (AddParameter): Name = "Alternate Part Number-1"; Value = "0805F105M500NT"; VariantName = "[No Variations]"
Add component (AddParameter): Name = "Case/Package"; Value = "0805"; VariantName = "[No Variations]"
Add component (AddParameter): Name = "Manufacturer"; Value = "Samsung"; VariantName = "[No Variations]"
Add component (AddParameter): Name = "Manufacturer Part Number"; Value = "CC0805JKX7R9BB105"; VariantName = "[No Variations]"
Add component (AddParameter): Name = "Supplier Part Number-1"; Value = "CL21B105KBFNNNE"; VariantName = "[No Variations]"
Add component (AddParameter): Name = "Supplier-1"; Value = "SIRICOM"; VariantName = "[No Variations]"
Added Component: Designator=C68(CAP_0805)
Add component (AddParameter): Name = "Alternate Part Number-1"; Value = "0805F105M500NT"; VariantName = "[No Variations]"
Add component (AddParameter): Name = "Case/Package"; Value = "0805"; VariantName = "[No Variations]"
Add component (AddParameter): Name = "Manufacturer"; Value = "Samsung"; VariantName = "[No Variations]"
Add component (AddParameter): Name = "Manufacturer Part Number"; Value = "CC0805JKX7R9BB105"; VariantName = "[No Variations]"
Add component (AddParameter): Name = "Supplier Part Number-1"; Value = "CL21B105KBFNNNE"; VariantName = "[No Variations]"
Add component (AddParameter): Name = "Supplier-1"; Value = "SIRICOM"; VariantName = "[No Variations]"
Added Component: Designator=C69(CAP_0805)
Add component (AddParameter): Name = "Alternate Part Number-1"; Value = "NA"; VariantName = "[No Variations]"
Add component (AddParameter): Name = "Case/Package"; Value = "0805"; VariantName = "[No Variations]"
Add component (AddParameter): Name = "Manufacturer"; Value = "Samsung"; VariantName = "[No Variations]"
Add component (AddParameter): Name = "Manufacturer Part Number"; Value = "CL21B104KBCNNNC"; VariantName = "[No Variations]"
Add component (AddParameter): Name = "Supplier Part Number-1"; Value = "0805B104K500CT"; VariantName = "[No Variations]"
Add component (AddParameter): Name = "Supplier-1"; Value = "SIRICOM"; VariantName = "[No Variations]"
Added Component: Designator=C70(CAP_0805)
Add component (AddParameter): Name = "Alternate Part Number-1"; Value = "NA"; VariantName = "[No Variations]"
Add component (AddParameter): Name = "Case/Package"; Value = "0805"; VariantName = "[No Variations]"
Add component (AddParameter): Name = "Manufacturer"; Value = "Samsung"; VariantName = "[No Variations]"
Add component (AddParameter): Name = "Manufacturer Part Number"; Value = "CL21B104KBCNNNC"; VariantName = "[No Variations]"
Add component (AddParameter): Name = "Supplier Part Number-1"; Value = "0805B104K500CT"; VariantName = "[No Variations]"
Add component (AddParameter): Name = "Supplier-1"; Value = "SIRICOM"; VariantName = "[No Variations]"
Added Component: Designator=C71(CAP_0805)
Add component (AddParameter): Name = "Alternate Part Number-1"; Value = "NA"; VariantName = "[No Variations]"
Add component (AddParameter): Name = "Case/Package"; Value = "0805"; VariantName = "[No Variations]"
Add component (AddParameter): Name = "Manufacturer"; Value = "KEMET"; VariantName = "[No Variations]"
Add component (AddParameter): Name = "Manufacturer Part Number"; Value = "CL21B225KAFNFNE"; VariantName = "[No Variations]"
Add component (AddParameter): Name = "Supplier Part Number-1"; Value = "CL21A225KAFNNNE"; VariantName = "[No Variations]"
Add component (AddParameter): Name = "Supplier-1"; Value = "SIRICOM"; VariantName = "[No Variations]"
Added Component: Designator=C72(CAP_0805)
Add component (AddParameter): Name = "Alternate Part Number-1"; Value = "NA"; VariantName = "[No Variations]"
Add component (AddParameter): Name = "Case/Package"; Value = "0805"; VariantName = "[No Variations]"
Add component (AddParameter): Name = "Manufacturer"; Value = "KEMET"; VariantName = "[No Variations]"
Add component (AddParameter): Name = "Manufacturer Part Number"; Value = "CL21B225KAFNFNE"; VariantName = "[No Variations]"
Add component (AddParameter): Name = "Supplier Part Number-1"; Value = "CL21A225KAFNNNE"; VariantName = "[No Variations]"
Add component (AddParameter): Name = "Supplier-1"; Value = "SIRICOM"; VariantName = "[No Variations]"
Added Component: Designator=C73(CAP_0805)
Add component (AddParameter): Name = "Alternate Part Number"; Value = "NA"; VariantName = "[No Variations]"
Add component (AddParameter): Name = "Case/Package"; Value = "0805"; VariantName = "[No Variations]"
Add component (AddParameter): Name = "Manufacturer"; Value = "KEMET"; VariantName = "[No Variations]"
Add component (AddParameter): Name = "Manufacturer Part Number"; Value = "C0805C300K5GAC7800"; VariantName = "[No Variations]"
Add component (AddParameter): Name = "Supplier Part Number-1"; Value = "399-17443-1-ND - Cut Tape (CT)"; VariantName = "[No Variations]"
Add component (AddParameter): Name = "Supplier-1"; Value = "Digikey"; VariantName = "[No Variations]"
Added Component: Designator=C74(CAP_0805)
Add component (AddParameter): Name = "Alternate Part Number-1"; Value = "NA"; VariantName = "[No Variations]"
Add component (AddParameter): Name = "Case/Package"; Value = "0805"; VariantName = "[No Variations]"
Add component (AddParameter): Name = "Manufacturer"; Value = "Samsung"; VariantName = "[No Variations]"
Add component (AddParameter): Name = "Manufacturer Part Number"; Value = "CL21B104KBCNNNC"; VariantName = "[No Variations]"
Add component (AddParameter): Name = "Supplier Part Number-1"; Value = "0805B104K500CT"; VariantName = "[No Variations]"
Add component (AddParameter): Name = "Supplier-1"; Value = "SIRICOM"; VariantName = "[No Variations]"
Added Component: Designator=C75(CAP_0805)
Add component (AddParameter): Name = "Alternate Part Number-1"; Value = "NA"; VariantName = "[No Variations]"
Add component (AddParameter): Name = "Case/Package"; Value = "0805"; VariantName = "[No Variations]"
Add component (AddParameter): Name = "Manufacturer"; Value = "Samsung"; VariantName = "[No Variations]"
Add component (AddParameter): Name = "Manufacturer Part Number"; Value = "CL21B104KBCNNNC"; VariantName = "[No Variations]"
Add component (AddParameter): Name = "Supplier Part Number-1"; Value = "0805B104K500CT"; VariantName = "[No Variations]"
Add component (AddParameter): Name = "Supplier-1"; Value = "SIRICOM"; VariantName = "[No Variations]"
Added Component: Designator=C76(CAP_0805)
Add component (AddParameter): Name = "Alternate Part Number-1"; Value = "0805F105M500NT"; VariantName = "[No Variations]"
Add component (AddParameter): Name = "Case/Package"; Value = "0805"; VariantName = "[No Variations]"
Add component (AddParameter): Name = "Manufacturer"; Value = "Samsung"; VariantName = "[No Variations]"
Add component (AddParameter): Name = "Manufacturer Part Number"; Value = "CC0805JKX7R9BB105"; VariantName = "[No Variations]"
Add component (AddParameter): Name = "Supplier Part Number-1"; Value = "CL21B105KBFNNNE"; VariantName = "[No Variations]"
Add component (AddParameter): Name = "Supplier-1"; Value = "SIRICOM"; VariantName = "[No Variations]"
Added Component: Designator=C77(ACAP_P305_D393_H393_RAD)
Add component (AddParameter): Name = "Alternate Part Number-1"; Value = "VEU101M1HTR-1010"; VariantName = "[No Variations]"
Add component (AddParameter): Name = "Case/Package"; Value = "Radial-SMD"; VariantName = "[No Variations]"
Add component (AddParameter): Name = "Manufacturer"; Value = "Nichicon"; VariantName = "[No Variations]"
Add component (AddParameter): Name = "Manufacturer Part Number"; Value = "GYA1H101MCQ1GS"; VariantName = "[No Variations]"
Add component (AddParameter): Name = "Supplier Part Number-1"; Value = "GYA1H101MCQ1GS"; VariantName = "[No Variations]"
Add component (AddParameter): Name = "Supplier-1"; Value = "SP ROAD"; VariantName = "[No Variations]"
Added Component: Designator=C78(CAP_0805)
Add component (AddParameter): Name = "Alternate Part Number-1"; Value = "NA"; VariantName = "[No Variations]"
Add component (AddParameter): Name = "Case/Package"; Value = "0805"; VariantName = "[No Variations]"
Add component (AddParameter): Name = "Manufacturer"; Value = "Samsung"; VariantName = "[No Variations]"
Add component (AddParameter): Name = "Manufacturer Part Number"; Value = "CL21B104KBCNNNC"; VariantName = "[No Variations]"
Add component (AddParameter): Name = "Supplier Part Number-1"; Value = "0805B104K500CT"; VariantName = "[No Variations]"
Add component (AddParameter): Name = "Supplier-1"; Value = "SIRICOM"; VariantName = "[No Variations]"
Added Component: Designator=C79(CAP_0805)
Add component (AddParameter): Name = "Alternate Part Number-1"; Value = "0805F105M500NT"; VariantName = "[No Variations]"
Add component (AddParameter): Name = "Case/Package"; Value = "0805"; VariantName = "[No Variations]"
Add component (AddParameter): Name = "Manufacturer"; Value = "Samsung"; VariantName = "[No Variations]"
Add component (AddParameter): Name = "Manufacturer Part Number"; Value = "CC0805JKX7R9BB105"; VariantName = "[No Variations]"
Add component (AddParameter): Name = "Supplier Part Number-1"; Value = "CL21B105KBFNNNE"; VariantName = "[No Variations]"
Add component (AddParameter): Name = "Supplier-1"; Value = "SIRICOM"; VariantName = "[No Variations]"
Added Component: Designator=C80(CAP_0805)
Add component (AddParameter): Name = "Alternate Part Number-1"; Value = "0805F105M500NT"; VariantName = "[No Variations]"
Add component (AddParameter): Name = "Case/Package"; Value = "0805"; VariantName = "[No Variations]"
Add component (AddParameter): Name = "Manufacturer"; Value = "Samsung"; VariantName = "[No Variations]"
Add component (AddParameter): Name = "Manufacturer Part Number"; Value = "CC0805JKX7R9BB105"; VariantName = "[No Variations]"
Add component (AddParameter): Name = "Supplier Part Number-1"; Value = "CL21B105KBFNNNE"; VariantName = "[No Variations]"
Add component (AddParameter): Name = "Supplier-1"; Value = "SIRICOM"; VariantName = "[No Variations]"
Added Component: Designator=C81(ACAP_P305_D393_H393_RAD)
Add component (AddParameter): Name = "Alternate Part Number-1"; Value = "VEU101M1HTR-1010"; VariantName = "[No Variations]"
Add component (AddParameter): Name = "Case/Package"; Value = "Radial-SMD"; VariantName = "[No Variations]"
Add component (AddParameter): Name = "Manufacturer"; Value = "Nichicon"; VariantName = "[No Variations]"
Add component (AddParameter): Name = "Manufacturer Part Number"; Value = "GYA1H101MCQ1GS"; VariantName = "[No Variations]"
Add component (AddParameter): Name = "Supplier Part Number-1"; Value = "GYA1H101MCQ1GS"; VariantName = "[No Variations]"
Add component (AddParameter): Name = "Supplier-1"; Value = "SP ROAD"; VariantName = "[No Variations]"
Added Component: Designator=C82(ACAP_P305_D393_H393_RAD)
Add component (AddParameter): Name = "Alternate Part Number-1"; Value = "VEU101M1HTR-1010"; VariantName = "[No Variations]"
Add component (AddParameter): Name = "Case/Package"; Value = "Radial-SMD"; VariantName = "[No Variations]"
Add component (AddParameter): Name = "Manufacturer"; Value = "Nichicon"; VariantName = "[No Variations]"
Add component (AddParameter): Name = "Manufacturer Part Number"; Value = "GYA1H101MCQ1GS"; VariantName = "[No Variations]"
Add component (AddParameter): Name = "Supplier Part Number-1"; Value = "GYA1H101MCQ1GS"; VariantName = "[No Variations]"
Add component (AddParameter): Name = "Supplier-1"; Value = "SP ROAD"; VariantName = "[No Variations]"
Added Component: Designator=C83(ACAP_P305_D393_H393_RAD)
Add component (AddParameter): Name = "Alternate Part Number-1"; Value = "VEU101M1HTR-1010"; VariantName = "[No Variations]"
Add component (AddParameter): Name = "Case/Package"; Value = "Radial-SMD"; VariantName = "[No Variations]"
Add component (AddParameter): Name = "Manufacturer"; Value = "Nichicon"; VariantName = "[No Variations]"
Add component (AddParameter): Name = "Manufacturer Part Number"; Value = "GYA1H101MCQ1GS"; VariantName = "[No Variations]"
Add component (AddParameter): Name = "Supplier Part Number-1"; Value = "GYA1H101MCQ1GS"; VariantName = "[No Variations]"
Add component (AddParameter): Name = "Supplier-1"; Value = "SP ROAD"; VariantName = "[No Variations]"
Added Component: Designator=C84(CAP_1206)
Add component (AddParameter): Name = "Alternate Part Number-1"; Value = "GRT31CR61H106ME01L"; VariantName = "[No Variations]"
Add component (AddParameter): Name = "Case/Package"; Value = "1206"; VariantName = "[No Variations]"
Add component (AddParameter): Name = "Manufacturer"; Value = "KEMET"; VariantName = "[No Variations]"
Add component (AddParameter): Name = "Manufacturer Part Number"; Value = "CL31B106KBHNNNE"; VariantName = "[No Variations]"
Add component (AddParameter): Name = "Supplier Part Number-1"; Value = "CC1206KKX5R9BB106"; VariantName = "[No Variations]"
Add component (AddParameter): Name = "Supplier-1"; Value = "SIRICOM"; VariantName = "[No Variations]"
Added Component: Designator=C85(CAP_0805)
Add component (AddParameter): Name = "Alternate Part Number-1"; Value = "0805F105M500NT"; VariantName = "[No Variations]"
Add component (AddParameter): Name = "Case/Package"; Value = "0805"; VariantName = "[No Variations]"
Add component (AddParameter): Name = "Manufacturer"; Value = "Samsung"; VariantName = "[No Variations]"
Add component (AddParameter): Name = "Manufacturer Part Number"; Value = "CC0805JKX7R9BB105"; VariantName = "[No Variations]"
Add component (AddParameter): Name = "Supplier Part Number-1"; Value = "CL21B105KBFNNNE"; VariantName = "[No Variations]"
Add component (AddParameter): Name = "Supplier-1"; Value = "SIRICOM"; VariantName = "[No Variations]"
Added Component: Designator=C86(CAP_0805)
Add component (AddParameter): Name = "Alternate Part Number-1"; Value = "NA"; VariantName = "[No Variations]"
Add component (AddParameter): Name = "Case/Package"; Value = "0805"; VariantName = "[No Variations]"
Add component (AddParameter): Name = "Manufacturer"; Value = "Samsung"; VariantName = "[No Variations]"
Add component (AddParameter): Name = "Manufacturer Part Number"; Value = "CL21B104KBCNNNC"; VariantName = "[No Variations]"
Add component (AddParameter): Name = "Supplier Part Number-1"; Value = "0805B104K500CT"; VariantName = "[No Variations]"
Add component (AddParameter): Name = "Supplier-1"; Value = "SIRICOM"; VariantName = "[No Variations]"
Added Component: Designator=C87(CAP_1206)
Add component (AddParameter): Name = "Alternate Part Number-1"; Value = "GRT31CR61H106ME01L"; VariantName = "[No Variations]"
Add component (AddParameter): Name = "Case/Package"; Value = "1206"; VariantName = "[No Variations]"
Add component (AddParameter): Name = "Manufacturer"; Value = "KEMET"; VariantName = "[No Variations]"
Add component (AddParameter): Name = "Manufacturer Part Number"; Value = "CL31B106KBHNNNE"; VariantName = "[No Variations]"
Add component (AddParameter): Name = "Supplier Part Number-1"; Value = "CC1206KKX5R9BB106"; VariantName = "[No Variations]"
Add component (AddParameter): Name = "Supplier-1"; Value = "SIRICOM"; VariantName = "[No Variations]"
Added Component: Designator=C88(CAP_0805)
Add component (AddParameter): Name = "Alternate Part Number-1"; Value = "0805F105M500NT"; VariantName = "[No Variations]"
Add component (AddParameter): Name = "Case/Package"; Value = "0805"; VariantName = "[No Variations]"
Add component (AddParameter): Name = "Manufacturer"; Value = "Samsung"; VariantName = "[No Variations]"
Add component (AddParameter): Name = "Manufacturer Part Number"; Value = "CC0805JKX7R9BB105"; VariantName = "[No Variations]"
Add component (AddParameter): Name = "Supplier Part Number-1"; Value = "CL21B105KBFNNNE"; VariantName = "[No Variations]"
Add component (AddParameter): Name = "Supplier-1"; Value = "SIRICOM"; VariantName = "[No Variations]"
Added Component: Designator=C89(CAP_0805)
Add component (AddParameter): Name = "Alternate Part Number-1"; Value = "NA"; VariantName = "[No Variations]"
Add component (AddParameter): Name = "Case/Package"; Value = "0805"; VariantName = "[No Variations]"
Add component (AddParameter): Name = "Manufacturer"; Value = "Samsung"; VariantName = "[No Variations]"
Add component (AddParameter): Name = "Manufacturer Part Number"; Value = "CL21B104KBCNNNC"; VariantName = "[No Variations]"
Add component (AddParameter): Name = "Supplier Part Number-1"; Value = "0805B104K500CT"; VariantName = "[No Variations]"
Add component (AddParameter): Name = "Supplier-1"; Value = "SIRICOM"; VariantName = "[No Variations]"
Added Component: Designator=C90(CAP_1206)
Add component (AddParameter): Name = "Alternate Part Number-1"; Value = "GRT31CR61H106ME01L"; VariantName = "[No Variations]"
Add component (AddParameter): Name = "Case/Package"; Value = "1206"; VariantName = "[No Variations]"
Add component (AddParameter): Name = "Manufacturer"; Value = "KEMET"; VariantName = "[No Variations]"
Add component (AddParameter): Name = "Manufacturer Part Number"; Value = "CL31B106KBHNNNE"; VariantName = "[No Variations]"
Add component (AddParameter): Name = "Supplier Part Number-1"; Value = "CC1206KKX5R9BB106"; VariantName = "[No Variations]"
Add component (AddParameter): Name = "Supplier-1"; Value = "SIRICOM"; VariantName = "[No Variations]"
Added Component: Designator=C91(CAP_0805)
Add component (AddParameter): Name = "Alternate Part Number-1"; Value = "0805F105M500NT"; VariantName = "[No Variations]"
Add component (AddParameter): Name = "Case/Package"; Value = "0805"; VariantName = "[No Variations]"
Add component (AddParameter): Name = "Manufacturer"; Value = "Samsung"; VariantName = "[No Variations]"
Add component (AddParameter): Name = "Manufacturer Part Number"; Value = "CC0805JKX7R9BB105"; VariantName = "[No Variations]"
Add component (AddParameter): Name = "Supplier Part Number-1"; Value = "CL21B105KBFNNNE"; VariantName = "[No Variations]"
Add component (AddParameter): Name = "Supplier-1"; Value = "SIRICOM"; VariantName = "[No Variations]"
Added Component: Designator=C92(CAP_0805)
Add component (AddParameter): Name = "Alternate Part Number-1"; Value = "NA"; VariantName = "[No Variations]"
Add component (AddParameter): Name = "Case/Package"; Value = "0805"; VariantName = "[No Variations]"
Add component (AddParameter): Name = "Manufacturer"; Value = "Samsung"; VariantName = "[No Variations]"
Add component (AddParameter): Name = "Manufacturer Part Number"; Value = "CL21B104KBCNNNC"; VariantName = "[No Variations]"
Add component (AddParameter): Name = "Supplier Part Number-1"; Value = "0805B104K500CT"; VariantName = "[No Variations]"
Add component (AddParameter): Name = "Supplier-1"; Value = "SIRICOM"; VariantName = "[No Variations]"
Added Component: Designator=C93(CAP_1206)
Add component (AddParameter): Name = "Alternate Part Number-1"; Value = "GRT31CR61H106ME01L"; VariantName = "[No Variations]"
Add component (AddParameter): Name = "Case/Package"; Value = "1206"; VariantName = "[No Variations]"
Add component (AddParameter): Name = "Manufacturer"; Value = "KEMET"; VariantName = "[No Variations]"
Add component (AddParameter): Name = "Manufacturer Part Number"; Value = "CL31B106KBHNNNE"; VariantName = "[No Variations]"
Add component (AddParameter): Name = "Supplier Part Number-1"; Value = "CC1206KKX5R9BB106"; VariantName = "[No Variations]"
Add component (AddParameter): Name = "Supplier-1"; Value = "SIRICOM"; VariantName = "[No Variations]"
Added Component: Designator=C94(CAP_0805)
Add component (AddParameter): Name = "Alternate Part Number-1"; Value = "0805F105M500NT"; VariantName = "[No Variations]"
Add component (AddParameter): Name = "Case/Package"; Value = "0805"; VariantName = "[No Variations]"
Add component (AddParameter): Name = "Manufacturer"; Value = "Samsung"; VariantName = "[No Variations]"
Add component (AddParameter): Name = "Manufacturer Part Number"; Value = "CC0805JKX7R9BB105"; VariantName = "[No Variations]"
Add component (AddParameter): Name = "Supplier Part Number-1"; Value = "CL21B105KBFNNNE"; VariantName = "[No Variations]"
Add component (AddParameter): Name = "Supplier-1"; Value = "SIRICOM"; VariantName = "[No Variations]"
Added Component: Designator=C95(CAP_0805)
Add component (AddParameter): Name = "Alternate Part Number-1"; Value = "NA"; VariantName = "[No Variations]"
Add component (AddParameter): Name = "Case/Package"; Value = "0805"; VariantName = "[No Variations]"
Add component (AddParameter): Name = "Manufacturer"; Value = "Samsung"; VariantName = "[No Variations]"
Add component (AddParameter): Name = "Manufacturer Part Number"; Value = "CL21B104KBCNNNC"; VariantName = "[No Variations]"
Add component (AddParameter): Name = "Supplier Part Number-1"; Value = "0805B104K500CT"; VariantName = "[No Variations]"
Add component (AddParameter): Name = "Supplier-1"; Value = "SIRICOM"; VariantName = "[No Variations]"
Added Component: Designator=D1(DIO_SOD-923)
Add component (AddParameter): Name = "Alternate Part Number-1"; Value = "NA"; VariantName = "[No Variations]"
Add component (AddParameter): Name = "Case/Package"; Value = "SOD923"; VariantName = "[No Variations]"
Add component (AddParameter): Name = "Manufacturer"; Value = "Micro Commercial Co"; VariantName = "[No Variations]"
Add component (AddParameter): Name = "Manufacturer Part Number"; Value = "ESD3V3D9-TP"; VariantName = "[No Variations]"
Add component (AddParameter): Name = "Supplier Part Number-1"; Value = "ESD3V3D9-TPMSCT-ND - Cut Tape (CT)"; VariantName = "[No Variations]"
Add component (AddParameter): Name = "Supplier-1"; Value = "Digikey"; VariantName = "[No Variations]"
Added Component: Designator=D2(DIO_SOD-923)
Add component (AddParameter): Name = "Alternate Part Number-1"; Value = "NA"; VariantName = "[No Variations]"
Add component (AddParameter): Name = "Case/Package"; Value = "SOD923"; VariantName = "[No Variations]"
Add component (AddParameter): Name = "Manufacturer"; Value = "Micro Commercial Co"; VariantName = "[No Variations]"
Add component (AddParameter): Name = "Manufacturer Part Number"; Value = "ESD3V3D9-TP"; VariantName = "[No Variations]"
Add component (AddParameter): Name = "Supplier Part Number-1"; Value = "ESD3V3D9-TPMSCT-ND - Cut Tape (CT)"; VariantName = "[No Variations]"
Add component (AddParameter): Name = "Supplier-1"; Value = "Digikey"; VariantName = "[No Variations]"
Added Component: Designator=D3(DIO_SOD-923)
Add component (AddParameter): Name = "Alternate Part Number-1"; Value = "NA"; VariantName = "[No Variations]"
Add component (AddParameter): Name = "Case/Package"; Value = "SOD923"; VariantName = "[No Variations]"
Add component (AddParameter): Name = "Manufacturer"; Value = "Micro Commercial Co"; VariantName = "[No Variations]"
Add component (AddParameter): Name = "Manufacturer Part Number"; Value = "ESD3V3D9-TP"; VariantName = "[No Variations]"
Add component (AddParameter): Name = "Supplier Part Number-1"; Value = "ESD3V3D9-TPMSCT-ND - Cut Tape (CT)"; VariantName = "[No Variations]"
Add component (AddParameter): Name = "Supplier-1"; Value = "Digikey"; VariantName = "[No Variations]"
Added Component: Designator=D4(DIO_SOD-923)
Add component (AddParameter): Name = "Alternate Part Number-1"; Value = "NA"; VariantName = "[No Variations]"
Add component (AddParameter): Name = "Case/Package"; Value = "SOD923"; VariantName = "[No Variations]"
Add component (AddParameter): Name = "Manufacturer"; Value = "Micro Commercial Co"; VariantName = "[No Variations]"
Add component (AddParameter): Name = "Manufacturer Part Number"; Value = "ESD3V3D9-TP"; VariantName = "[No Variations]"
Add component (AddParameter): Name = "Supplier Part Number-1"; Value = "ESD3V3D9-TPMSCT-ND - Cut Tape (CT)"; VariantName = "[No Variations]"
Add component (AddParameter): Name = "Supplier-1"; Value = "Digikey"; VariantName = "[No Variations]"
Added Component: Designator=D5(DIO_SMB_DO-214AA)
Add component (AddParameter): Name = "Alternate Part Number-1"; Value = "NA"; VariantName = "[No Variations]"
Add component (AddParameter): Name = "Case/Package"; Value = "SMB"; VariantName = "[No Variations]"
Add component (AddParameter): Name = "Manufacturer"; Value = "ON Semiconductor"; VariantName = "[No Variations]"
Add component (AddParameter): Name = "Manufacturer Part Number"; Value = "MBRS130LT3G"; VariantName = "[No Variations]"
Add component (AddParameter): Name = "Supplier Part Number-1"; Value = "MBRS130LT3G"; VariantName = "[No Variations]"
Add component (AddParameter): Name = "Supplier-1"; Value = "ARROW"; VariantName = "[No Variations]"
Added Component: Designator=D6(DIO_SOD-123)
Add component (AddParameter): Name = "Alternate Part Number-1"; Value = "NA"; VariantName = "[No Variations]"
Add component (AddParameter): Name = "Case/Package"; Value = "SOD-123"; VariantName = "[No Variations]"
Add component (AddParameter): Name = "Manufacturer"; Value = "Diodes Incorporated"; VariantName = "[No Variations]"
Add component (AddParameter): Name = "Manufacturer Part Number"; Value = "BZT52C3V3-7-F"; VariantName = "[No Variations]"
Add component (AddParameter): Name = "Supplier Part Number-1"; Value = "BZT52C3V3-FDICT-ND"; VariantName = "[No Variations]"
Add component (AddParameter): Name = "Supplier-1"; Value = "Digikey"; VariantName = "[No Variations]"
Added Component: Designator=D7(DIO_SMB_DO-214AA)
Add component (AddParameter): Name = "Alternate Part Number-1"; Value = "NA"; VariantName = "[No Variations]"
Add component (AddParameter): Name = "Case/Package"; Value = "SMB"; VariantName = "[No Variations]"
Add component (AddParameter): Name = "Manufacturer"; Value = "ON Semiconductor"; VariantName = "[No Variations]"
Add component (AddParameter): Name = "Manufacturer Part Number"; Value = "MBRS130LT3G"; VariantName = "[No Variations]"
Add component (AddParameter): Name = "Supplier Part Number-1"; Value = "MBRS130LT3G"; VariantName = "[No Variations]"
Add component (AddParameter): Name = "Supplier-1"; Value = "ARROW"; VariantName = "[No Variations]"
Added Component: Designator=D8(DIO_DO-213AB_SMD)
Add component (AddParameter): Name = "Alternate Part Number-1"; Value = ""; VariantName = "[No Variations]"
Add component (AddParameter): Name = "Case/Package"; Value = ""; VariantName = "[No Variations]"
Add component (AddParameter): Name = "Manufacturer"; Value = ""; VariantName = "[No Variations]"
Add component (AddParameter): Name = "Manufacturer Part Number"; Value = ""; VariantName = "[No Variations]"
Add component (AddParameter): Name = "Supplier Part Number-1"; Value = ""; VariantName = "[No Variations]"
Add component (AddParameter): Name = "Supplier-1"; Value = ""; VariantName = "[No Variations]"
Added Component: Designator=DS1(LED_0805)
Add component (AddParameter): Name = "Alternate Part Number-1"; Value = "NA"; VariantName = "[No Variations]"
Add component (AddParameter): Name = "Case/Package"; Value = "0805"; VariantName = "[No Variations]"
Add component (AddParameter): Name = "Manufacturer"; Value = "Vishay Lite-On"; VariantName = "[No Variations]"
Add component (AddParameter): Name = "Manufacturer Part Number"; Value = "LTST-C171KRKT"; VariantName = "[No Variations]"
Add component (AddParameter): Name = "Supplier Part Number-1"; Value = "LTST-C171KRKT"; VariantName = "[No Variations]"
Add component (AddParameter): Name = "Supplier-1"; Value = "SP ROAD"; VariantName = "[No Variations]"
Added Component: Designator=DS2(LED_0805)
Add component (AddParameter): Name = "Alternate Part Number-1"; Value = "NA"; VariantName = "[No Variations]"
Add component (AddParameter): Name = "Case/Package"; Value = "0805"; VariantName = "[No Variations]"
Add component (AddParameter): Name = "Manufacturer"; Value = "Vishay Lite-On"; VariantName = "[No Variations]"
Add component (AddParameter): Name = "Manufacturer Part Number"; Value = "LTST-C171KRKT"; VariantName = "[No Variations]"
Add component (AddParameter): Name = "Supplier Part Number-1"; Value = "LTST-C171KRKT"; VariantName = "[No Variations]"
Add component (AddParameter): Name = "Supplier-1"; Value = "SP ROAD"; VariantName = "[No Variations]"
Added Component: Designator=FB1(IND_0805)
Add component (AddParameter): Name = "Alternate Part Number-1"; Value = "NA"; VariantName = "[No Variations]"
Add component (AddParameter): Name = "Case/Package"; Value = "0805"; VariantName = "[No Variations]"
Add component (AddParameter): Name = "Manufacturer"; Value = "Laird"; VariantName = "[No Variations]"
Add component (AddParameter): Name = "Manufacturer Part Number"; Value = "BLM21SP102SH1D"; VariantName = "[No Variations]"
Add component (AddParameter): Name = "Supplier Part Number-1"; Value = "ACMS201209A102"; VariantName = "[No Variations]"
Add component (AddParameter): Name = "Supplier-1"; Value = "SIRICOM"; VariantName = "[No Variations]"
Added Component: Designator=FB2(IND_0805)
Add component (AddParameter): Name = "Alternate Part Number-1"; Value = "NA"; VariantName = "[No Variations]"
Add component (AddParameter): Name = "Case/Package"; Value = "0805"; VariantName = "[No Variations]"
Add component (AddParameter): Name = "Manufacturer"; Value = "Laird"; VariantName = "[No Variations]"
Add component (AddParameter): Name = "Manufacturer Part Number"; Value = "BLM21SP102SH1D"; VariantName = "[No Variations]"
Add component (AddParameter): Name = "Supplier Part Number-1"; Value = "ACMS201209A102"; VariantName = "[No Variations]"
Add component (AddParameter): Name = "Supplier-1"; Value = "SIRICOM"; VariantName = "[No Variations]"
Added Component: Designator=FB3(IND_0805)
Add component (AddParameter): Name = "Alternate Part Number-1"; Value = "NA"; VariantName = "[No Variations]"
Add component (AddParameter): Name = "Case/Package"; Value = "0805"; VariantName = "[No Variations]"
Add component (AddParameter): Name = "Manufacturer"; Value = "Laird"; VariantName = "[No Variations]"
Add component (AddParameter): Name = "Manufacturer Part Number"; Value = "BLM21SP102SH1D"; VariantName = "[No Variations]"
Add component (AddParameter): Name = "Supplier Part Number-1"; Value = "ACMS201209A102"; VariantName = "[No Variations]"
Add component (AddParameter): Name = "Supplier-1"; Value = "SIRICOM"; VariantName = "[No Variations]"
Added Component: Designator=FB4(IND_0805)
Add component (AddParameter): Name = "Alternate Part Number-1"; Value = "NA"; VariantName = "[No Variations]"
Add component (AddParameter): Name = "Case/Package"; Value = "0805"; VariantName = "[No Variations]"
Add component (AddParameter): Name = "Manufacturer"; Value = "Laird"; VariantName = "[No Variations]"
Add component (AddParameter): Name = "Manufacturer Part Number"; Value = "BLM21SP102SH1D"; VariantName = "[No Variations]"
Add component (AddParameter): Name = "Supplier Part Number-1"; Value = "ACMS201209A102"; VariantName = "[No Variations]"
Add component (AddParameter): Name = "Supplier-1"; Value = "SIRICOM"; VariantName = "[No Variations]"
Added Component: Designator=FB5(IND_0805)
Add component (AddParameter): Name = "Alternate Part Number-1"; Value = "NA"; VariantName = "[No Variations]"
Add component (AddParameter): Name = "Case/Package"; Value = "0805"; VariantName = "[No Variations]"
Add component (AddParameter): Name = "Manufacturer"; Value = "Laird"; VariantName = "[No Variations]"
Add component (AddParameter): Name = "Manufacturer Part Number"; Value = "BLM21SP102SH1D"; VariantName = "[No Variations]"
Add component (AddParameter): Name = "Supplier Part Number-1"; Value = "ACMS201209A102"; VariantName = "[No Variations]"
Add component (AddParameter): Name = "Supplier-1"; Value = "SIRICOM"; VariantName = "[No Variations]"
Added Component: Designator=J1(CON6_100_59D78_TH_ST)
Add component (AddParameter): Name = "Alternate Part Number-1"; Value = "NA"; VariantName = "[No Variations]"
Add component (AddParameter): Name = "Case/Package"; Value = "TH-CON"; VariantName = "[No Variations]"
Add component (AddParameter): Name = "Manufacturer"; Value = "Molex"; VariantName = "[No Variations]"
Add component (AddParameter): Name = "Manufacturer Part Number"; Value = "22-10-2061"; VariantName = "[No Variations]"
Add component (AddParameter): Name = "Supplier Part Number-1"; Value = "NA"; VariantName = "[No Variations]"
Add component (AddParameter): Name = "Supplier-1"; Value = "SP ROAD"; VariantName = "[No Variations]"
Added Component: Designator=J2(CON_690-005-299-043)
Add component (AddParameter): Name = "Alternate Part Number-1"; Value = "NA"; VariantName = "[No Variations]"
Add component (AddParameter): Name = "Case/Package"; Value = "USB-MINI-B"; VariantName = "[No Variations]"
Add component (AddParameter): Name = "Manufacturer"; Value = "EDAC"; VariantName = "[No Variations]"
Add component (AddParameter): Name = "Manufacturer Part Number"; Value = "690-005-299-043"; VariantName = "[No Variations]"
Add component (AddParameter): Name = "Supplier Part Number-1"; Value = "C105424"; VariantName = "[No Variations]"
Add component (AddParameter): Name = "Supplier-1"; Value = "LCSC"; VariantName = "[No Variations]"
Added Component: Designator=J3(CON10_P106_RJ45_TH_ST)
Add component (AddParameter): Name = "Alternate Part Number-1"; Value = "NA"; VariantName = "[No Variations]"
Add component (AddParameter): Name = "Case/Package"; Value = "TH-CON"; VariantName = "[No Variations]"
Add component (AddParameter): Name = "Manufacturer"; Value = "Assmann"; VariantName = "[No Variations]"
Add component (AddParameter): Name = "Manufacturer Part Number"; Value = "A-2004-2-4-LPS-N-R"; VariantName = "[No Variations]"
Add component (AddParameter): Name = "Supplier Part Number-1"; Value = "A-2004-2-4-LPS-N-R"; VariantName = "[No Variations]"
Add component (AddParameter): Name = "Supplier-1"; Value = "SP ROAD"; VariantName = "[No Variations]"
Added Component: Designator=J4(CON2_100_B2B-XH-A_TH_ST)
Add component (AddParameter): Name = "Alternate Part Number-1"; Value = "NA"; VariantName = "[No Variations]"
Add component (AddParameter): Name = "Case/Package"; Value = "TH-CON"; VariantName = "[No Variations]"
Add component (AddParameter): Name = "Crimp Part Number"; Value = "ASXHSXH22K51"; VariantName = "[No Variations]"
Add component (AddParameter): Name = "Manufacturer"; Value = "JST"; VariantName = "[No Variations]"
Add component (AddParameter): Name = "Manufacturer Part Number"; Value = "B2B-XH-A(LF)(SN)"; VariantName = "[No Variations]"
Add component (AddParameter): Name = "Mating Part Number"; Value = "XHP-2"; VariantName = "[No Variations]"
Add component (AddParameter): Name = "Supplier Part Number-1"; Value = "B2B-XH-A(LF)(SN)"; VariantName = "[No Variations]"
Add component (AddParameter): Name = "Supplier-1"; Value = "SP ROAD"; VariantName = "[No Variations]"
Added Component: Designator=J5(CON_690-005-299-043)
Add component (AddParameter): Name = "Alternate Part Number-1"; Value = "NA"; VariantName = "[No Variations]"
Add component (AddParameter): Name = "Case/Package"; Value = "USB-MINI-B"; VariantName = "[No Variations]"
Add component (AddParameter): Name = "Manufacturer"; Value = "EDAC"; VariantName = "[No Variations]"
Add component (AddParameter): Name = "Manufacturer Part Number"; Value = "690-005-299-043"; VariantName = "[No Variations]"
Add component (AddParameter): Name = "Supplier Part Number-1"; Value = "C105424"; VariantName = "[No Variations]"
Add component (AddParameter): Name = "Supplier-1"; Value = "LCSC"; VariantName = "[No Variations]"
Added Component: Designator=J6(CON4_50_653004117322_TH_RA)
Add component (AddParameter): Name = "Alternate Part Number-1"; Value = "NA"; VariantName = "[No Variations]"
Add component (AddParameter): Name = "Case/Package"; Value = "TH-CON"; VariantName = "[No Variations]"
Add component (AddParameter): Name = "Crimp Part Number"; Value = "653153128130"; VariantName = "[No Variations]"
Add component (AddParameter): Name = "Manufacturer"; Value = "JST"; VariantName = "[No Variations]"
Add component (AddParameter): Name = "Manufacturer Part Number"; Value = "653004117322"; VariantName = "[No Variations]"
Add component (AddParameter): Name = "Mating Part Number"; Value = "653004113322"; VariantName = "[No Variations]"
Add component (AddParameter): Name = "Supplier Part Number-1"; Value = "653004117322"; VariantName = "[No Variations]"
Add component (AddParameter): Name = "Supplier-1"; Value = "WURTH"; VariantName = "[No Variations]"
Added Component: Designator=J7(CON_SJ-2504A-SMT-TR_SMD)
Add component (AddParameter): Name = "Alternate Part Number-1"; Value = "NA"; VariantName = "[No Variations]"
Add component (AddParameter): Name = "Case/Package"; Value = "SMD"; VariantName = "[No Variations]"
Add component (AddParameter): Name = "Manufacturer"; Value = "CUI Devices"; VariantName = "[No Variations]"
Add component (AddParameter): Name = "Manufacturer Part Number"; Value = "SJ-2504A-SMT-TR"; VariantName = "[No Variations]"
Add component (AddParameter): Name = "Supplier Part Number-1"; Value = "CP-SJ-2504A-SMT-CT-ND - Cut Tape (CT)"; VariantName = "[No Variations]"
Add component (AddParameter): Name = "Supplier-1"; Value = "Digikey"; VariantName = "[No Variations]"
Added Component: Designator=J8(CON4_100_B4B-XH-A_TH_ST)
Add component (AddParameter): Name = "Alternate Part Number-1"; Value = "NA"; VariantName = "[No Variations]"
Add component (AddParameter): Name = "Case/Package"; Value = "TH-CON"; VariantName = "[No Variations]"
Add component (AddParameter): Name = "Crimp Part Number"; Value = "ASXHSXH22K51"; VariantName = "[No Variations]"
Add component (AddParameter): Name = "Manufacturer"; Value = "Wurth Electronics"; VariantName = "[No Variations]"
Add component (AddParameter): Name = "Manufacturer Part Number"; Value = "B4B-XH-A(LF)(SN)"; VariantName = "[No Variations]"
Add component (AddParameter): Name = "Mating Part Number"; Value = "XHP-4"; VariantName = "[No Variations]"
Add component (AddParameter): Name = "Supplier Part Number-1"; Value = "B4B-XH-A(LF)(SN)"; VariantName = "[No Variations]"
Add component (AddParameter): Name = "Supplier-1"; Value = "LCSC"; VariantName = "[No Variations]"
Added Component: Designator=J9(CON4_100_B4B-XH-A_TH_ST)
Add component (AddParameter): Name = "Alternate Part Number-1"; Value = "NA"; VariantName = "[No Variations]"
Add component (AddParameter): Name = "Case/Package"; Value = "TH-CON"; VariantName = "[No Variations]"
Add component (AddParameter): Name = "Crimp Part Number"; Value = "ASXHSXH22K51"; VariantName = "[No Variations]"
Add component (AddParameter): Name = "Manufacturer"; Value = "Wurth Electronics"; VariantName = "[No Variations]"
Add component (AddParameter): Name = "Manufacturer Part Number"; Value = "B4B-XH-A(LF)(SN)"; VariantName = "[No Variations]"
Add component (AddParameter): Name = "Mating Part Number"; Value = "XHP-4"; VariantName = "[No Variations]"
Add component (AddParameter): Name = "Supplier Part Number-1"; Value = "B4B-XH-A(LF)(SN)"; VariantName = "[No Variations]"
Add component (AddParameter): Name = "Supplier-1"; Value = "LCSC"; VariantName = "[No Variations]"
Added Component: Designator=J10(CON2_100_B2B-XH-A_TH_ST)
Add component (AddParameter): Name = "Alternate Part Number-1"; Value = "NA"; VariantName = "[No Variations]"
Add component (AddParameter): Name = "Case/Package"; Value = "TH-CON"; VariantName = "[No Variations]"
Add component (AddParameter): Name = "Crimp Part Number"; Value = "ASXHSXH22K51"; VariantName = "[No Variations]"
Add component (AddParameter): Name = "Manufacturer"; Value = "JST"; VariantName = "[No Variations]"
Add component (AddParameter): Name = "Manufacturer Part Number"; Value = "B2B-XH-A(LF)(SN)"; VariantName = "[No Variations]"
Add component (AddParameter): Name = "Mating Part Number"; Value = "XHP-2"; VariantName = "[No Variations]"
Add component (AddParameter): Name = "Supplier Part Number-1"; Value = "B2B-XH-A(LF)(SN)"; VariantName = "[No Variations]"
Add component (AddParameter): Name = "Supplier-1"; Value = "SP ROAD"; VariantName = "[No Variations]"
Added Component: Designator=J11(CON3_100_TB_TH_ST)
Add component (AddParameter): Name = "Alternate Part Number-1"; Value = "NA"; VariantName = "[No Variations]"
Add component (AddParameter): Name = "Case/Package"; Value = "TH-CON"; VariantName = "[No Variations]"
Add component (AddParameter): Name = "Manufacturer"; Value = "Phoenix Contact"; VariantName = "[No Variations]"
Add component (AddParameter): Name = "Manufacturer Part Number"; Value = "1725669"; VariantName = "[No Variations]"
Add component (AddParameter): Name = "Supplier Part Number-1"; Value = "1725669"; VariantName = "[No Variations]"
Add component (AddParameter): Name = "Supplier-1"; Value = "SP ROAD"; VariantName = "[No Variations]"
Added Component: Designator=J12(CON4_100_40D72_TH_ST_MALE)
Add component (AddParameter): Name = "Alternate Part Number-1"; Value = "NA"; VariantName = "[No Variations]"
Add component (AddParameter): Name = "Case/Package"; Value = "TH-CON"; VariantName = "[No Variations]"
Add component (AddParameter): Name = "Manufacturer"; Value = "NA"; VariantName = "[No Variations]"
Add component (AddParameter): Name = "Manufacturer Part Number"; Value = "NA"; VariantName = "[No Variations]"
Add component (AddParameter): Name = "Supplier Part Number-1"; Value = "NA"; VariantName = "[No Variations]"
Add component (AddParameter): Name = "Supplier-1"; Value = "SP ROAD"; VariantName = "[No Variations]"
Added Component: Designator=Q1(DFN5045-12_33_212_27X15_SMD_1)
Add component (AddParameter): Name = "Alternate Part Number-1"; Value = "DMHT3006LFJ-13"; VariantName = "[No Variations]"
Add component (AddParameter): Name = "Case/Package"; Value = "DFN5045-12"; VariantName = "[No Variations]"
Add component (AddParameter): Name = "Manufacturer"; Value = "ON Semiconductor"; VariantName = "[No Variations]"
Add component (AddParameter): Name = "Manufacturer Part Number"; Value = "DMHT6016LFJ-13"; VariantName = "[No Variations]"
Add component (AddParameter): Name = "Supplier Part Number-1"; Value = "C460986"; VariantName = "[No Variations]"
Add component (AddParameter): Name = "Supplier-1"; Value = "LCSC"; VariantName = "[No Variations]"
Added Component: Designator=Q2(DFN5045-12_33_212_27X15_SMD_1)
Add component (AddParameter): Name = "Alternate Part Number-1"; Value = "DMHT3006LFJ-13"; VariantName = "[No Variations]"
Add component (AddParameter): Name = "Case/Package"; Value = "DFN5045-12"; VariantName = "[No Variations]"
Add component (AddParameter): Name = "Manufacturer"; Value = "ON Semiconductor"; VariantName = "[No Variations]"
Add component (AddParameter): Name = "Manufacturer Part Number"; Value = "DMHT6016LFJ-13"; VariantName = "[No Variations]"
Add component (AddParameter): Name = "Supplier Part Number-1"; Value = "C460986"; VariantName = "[No Variations]"
Add component (AddParameter): Name = "Supplier-1"; Value = "LCSC"; VariantName = "[No Variations]"
Added Component: Designator=R1(RES_0603)
Add component (AddParameter): Name = "Alternate Part Number-1"; Value = "NA"; VariantName = "[No Variations]"
Add component (AddParameter): Name = "Case/Package"; Value = "0603"; VariantName = "[No Variations]"
Add component (AddParameter): Name = "Manufacturer"; Value = "Stackpole Electronics"; VariantName = "[No Variations]"
Add component (AddParameter): Name = "Manufacturer Part Number"; Value = "RMCF0603FT100K"; VariantName = "[No Variations]"
Add component (AddParameter): Name = "Supplier Part Number-1"; Value = "RMCF0603FT100K"; VariantName = "[No Variations]"
Add component (AddParameter): Name = "Supplier-1"; Value = "Arrow"; VariantName = "[No Variations]"
Added Component: Designator=R2(RES_0805)
Add component (AddParameter): Name = "Alternate Part Number-1"; Value = "NA"; VariantName = "[No Variations]"
Add component (AddParameter): Name = "Case/Package"; Value = "0805"; VariantName = "[No Variations]"
Add component (AddParameter): Name = "Manufacturer"; Value = "TE Connectivity Passive Product"; VariantName = "[No Variations]"
Add component (AddParameter): Name = "Manufacturer Part Number"; Value = "CRG0805F1K5"; VariantName = "[No Variations]"
Add component (AddParameter): Name = "Supplier Part Number-1"; Value = "NA"; VariantName = "[No Variations]"
Add component (AddParameter): Name = "Supplier-1"; Value = "SIRICOM"; VariantName = "[No Variations]"
Added Component: Designator=R3(RES_0603)
Add component (AddParameter): Name = "Alternate Part Number-1"; Value = "NA"; VariantName = "[No Variations]"
Add component (AddParameter): Name = "Case/Package"; Value = "0603"; VariantName = "[No Variations]"
Add component (AddParameter): Name = "Manufacturer"; Value = "Stackpole Electronics"; VariantName = "[No Variations]"
Add component (AddParameter): Name = "Manufacturer Part Number"; Value = "RMCF0603FT100K"; VariantName = "[No Variations]"
Add component (AddParameter): Name = "Supplier Part Number-1"; Value = "RMCF0603FT100K"; VariantName = "[No Variations]"
Add component (AddParameter): Name = "Supplier-1"; Value = "Arrow"; VariantName = "[No Variations]"
Added Component: Designator=R4(RES_0603)
Add component (AddParameter): Name = "Alternate Part Number-1"; Value = "0603WAJ0103T5E"; VariantName = "[No Variations]"
Add component (AddParameter): Name = "Case/Package"; Value = "0603"; VariantName = "[No Variations]"
Add component (AddParameter): Name = "Manufacturer"; Value = "Walsin"; VariantName = "[No Variations]"
Add component (AddParameter): Name = "Manufacturer Part Number"; Value = "WR06X1002FTL"; VariantName = "[No Variations]"
Add component (AddParameter): Name = "Supplier Part Number-1"; Value = "WR06X1002FTL"; VariantName = "[No Variations]"
Add component (AddParameter): Name = "Supplier-1"; Value = "SIRICOM"; VariantName = "[No Variations]"
Added Component: Designator=R5(RES_0603)
Add component (AddParameter): Name = "Alternate Part Number-1"; Value = "0603WAF3301T5E"; VariantName = "[No Variations]"
Add component (AddParameter): Name = "Case/Package"; Value = "0603"; VariantName = "[No Variations]"
Add component (AddParameter): Name = "Manufacturer"; Value = "Wilson"; VariantName = "[No Variations]"
Add component (AddParameter): Name = "Manufacturer Part Number"; Value = "WR06X3301FTL"; VariantName = "[No Variations]"
Add component (AddParameter): Name = "Supplier Part Number-1"; Value = "WR06X3301FTL"; VariantName = "[No Variations]"
Add component (AddParameter): Name = "Supplier-1"; Value = "SIRICOM"; VariantName = "[No Variations]"
Added Component: Designator=R6(RES_0603)
Add component (AddParameter): Name = "Alternate Part Number-1"; Value = "0603WAF3301T5E"; VariantName = "[No Variations]"
Add component (AddParameter): Name = "Case/Package"; Value = "0603"; VariantName = "[No Variations]"
Add component (AddParameter): Name = "Manufacturer"; Value = "Wilson"; VariantName = "[No Variations]"
Add component (AddParameter): Name = "Manufacturer Part Number"; Value = "WR06X3301FTL"; VariantName = "[No Variations]"
Add component (AddParameter): Name = "Supplier Part Number-1"; Value = "WR06X3301FTL"; VariantName = "[No Variations]"
Add component (AddParameter): Name = "Supplier-1"; Value = "SIRICOM"; VariantName = "[No Variations]"
Added Component: Designator=R7(RES_0603)
Add component (AddParameter): Name = "Alternate Part Number-1"; Value = "0603WAF3301T5E"; VariantName = "[No Variations]"
Add component (AddParameter): Name = "Case/Package"; Value = "0603"; VariantName = "[No Variations]"
Add component (AddParameter): Name = "Manufacturer"; Value = "Wilson"; VariantName = "[No Variations]"
Add component (AddParameter): Name = "Manufacturer Part Number"; Value = "WR06X3301FTL"; VariantName = "[No Variations]"
Add component (AddParameter): Name = "Supplier Part Number-1"; Value = "WR06X3301FTL"; VariantName = "[No Variations]"
Add component (AddParameter): Name = "Supplier-1"; Value = "SIRICOM"; VariantName = "[No Variations]"
Added Component: Designator=R8(RES_0603)
Add component (AddParameter): Name = "Alternate Part Number-1"; Value = "0603WAJ0103T5E"; VariantName = "[No Variations]"
Add component (AddParameter): Name = "Case/Package"; Value = "0603"; VariantName = "[No Variations]"
Add component (AddParameter): Name = "Manufacturer"; Value = "Walsin"; VariantName = "[No Variations]"
Add component (AddParameter): Name = "Manufacturer Part Number"; Value = "WR06X1002FTL"; VariantName = "[No Variations]"
Add component (AddParameter): Name = "Supplier Part Number-1"; Value = "WR06X1002FTL"; VariantName = "[No Variations]"
Add component (AddParameter): Name = "Supplier-1"; Value = "SIRICOM"; VariantName = "[No Variations]"
Added Component: Designator=R9(RES_0603)
Add component (AddParameter): Name = "Alternate Part Number-1"; Value = "0603WAJ0103T5E"; VariantName = "[No Variations]"
Add component (AddParameter): Name = "Case/Package"; Value = "0603"; VariantName = "[No Variations]"
Add component (AddParameter): Name = "Manufacturer"; Value = "Walsin"; VariantName = "[No Variations]"
Add component (AddParameter): Name = "Manufacturer Part Number"; Value = "WR06X1002FTL"; VariantName = "[No Variations]"
Add component (AddParameter): Name = "Supplier Part Number-1"; Value = "WR06X1002FTL"; VariantName = "[No Variations]"
Add component (AddParameter): Name = "Supplier-1"; Value = "SIRICOM"; VariantName = "[No Variations]"
Added Component: Designator=R10(RES_0603)
Add component (AddParameter): Name = "Alternate Part Number-1"; Value = "0603WAJ0103T5E"; VariantName = "[No Variations]"
Add component (AddParameter): Name = "Case/Package"; Value = "0603"; VariantName = "[No Variations]"
Add component (AddParameter): Name = "Manufacturer"; Value = "Walsin"; VariantName = "[No Variations]"
Add component (AddParameter): Name = "Manufacturer Part Number"; Value = "WR06X1002FTL"; VariantName = "[No Variations]"
Add component (AddParameter): Name = "Supplier Part Number-1"; Value = "WR06X1002FTL"; VariantName = "[No Variations]"
Add component (AddParameter): Name = "Supplier-1"; Value = "SIRICOM"; VariantName = "[No Variations]"
Added Component: Designator=R11(RES_0805)
Add component (AddParameter): Name = "Alternate Part Number-1"; Value = "NA"; VariantName = "[No Variations]"
Add component (AddParameter): Name = "Case/Package"; Value = "0805"; VariantName = "[No Variations]"
Add component (AddParameter): Name = "Manufacturer"; Value = "Stackpole Electronics"; VariantName = "[No Variations]"
Add component (AddParameter): Name = "Manufacturer Part Number"; Value = "RC0805FR-076K49L"; VariantName = "[No Variations]"
Add component (AddParameter): Name = "Supplier Part Number-1"; Value = "WRO8X6491FTL"; VariantName = "[No Variations]"
Add component (AddParameter): Name = "Supplier-1"; Value = "SIRICOM"; VariantName = "[No Variations]"
Added Component: Designator=R12(RES_1206)
Add component (AddParameter): Name = "Alternate Part Number-1"; Value = "NA"; VariantName = "[No Variations]"
Add component (AddParameter): Name = "Case/Package"; Value = "1206"; VariantName = "[No Variations]"
Add component (AddParameter): Name = "Manufacturer"; Value = "Walsin"; VariantName = "[No Variations]"
Add component (AddParameter): Name = "Manufacturer Part Number"; Value = "WR12X1004FTL"; VariantName = "[No Variations]"
Add component (AddParameter): Name = "Supplier Part Number-1"; Value = "WR12X1004FTL"; VariantName = "[No Variations]"
Add component (AddParameter): Name = "Supplier-1"; Value = "SIRICOM"; VariantName = "[No Variations]"
Added Component: Designator=R13(RES_0603)
Add component (AddParameter): Name = "Alternate Part Number-1"; Value = "WR06X2201FTL"; VariantName = "[No Variations]"
Add component (AddParameter): Name = "Case/Package"; Value = "0603"; VariantName = "[No Variations]"
Add component (AddParameter): Name = "Manufacturer"; Value = "Stackpole Electronics"; VariantName = "[No Variations]"
Add component (AddParameter): Name = "Manufacturer Part Number"; Value = "ERJ-3GEYJ222V"; VariantName = "[No Variations]"
Add component (AddParameter): Name = "Supplier Part Number-1"; Value = "WR06X2201FTL"; VariantName = "[No Variations]"
Add component (AddParameter): Name = "Supplier-1"; Value = "SIRICOM"; VariantName = "[No Variations]"
Added Component: Designator=R14(RES_0603)
Add component (AddParameter): Name = "Alternate Part Number-1"; Value = "0603WAF3301T5E"; VariantName = "[No Variations]"
Add component (AddParameter): Name = "Case/Package"; Value = "0603"; VariantName = "[No Variations]"
Add component (AddParameter): Name = "Manufacturer"; Value = "Wilson"; VariantName = "[No Variations]"
Add component (AddParameter): Name = "Manufacturer Part Number"; Value = "WR06X3301FTL"; VariantName = "[No Variations]"
Add component (AddParameter): Name = "Supplier Part Number-1"; Value = "WR06X3301FTL"; VariantName = "[No Variations]"
Add component (AddParameter): Name = "Supplier-1"; Value = "SIRICOM"; VariantName = "[No Variations]"
Added Component: Designator=R15(RES_0603)
Add component (AddParameter): Name = "Alternate Part Number-1"; Value = "0603WAJ0103T5E"; VariantName = "[No Variations]"
Add component (AddParameter): Name = "Case/Package"; Value = "0603"; VariantName = "[No Variations]"
Add component (AddParameter): Name = "Manufacturer"; Value = "Walsin"; VariantName = "[No Variations]"
Add component (AddParameter): Name = "Manufacturer Part Number"; Value = "WR06X1002FTL"; VariantName = "[No Variations]"
Add component (AddParameter): Name = "Supplier Part Number-1"; Value = "WR06X1002FTL"; VariantName = "[No Variations]"
Add component (AddParameter): Name = "Supplier-1"; Value = "SIRICOM"; VariantName = "[No Variations]"
Added Component: Designator=R16(RES_0603)
Add component (AddParameter): Name = "Alternate Part Number-1"; Value = "0603WAJ0103T5E"; VariantName = "[No Variations]"
Add component (AddParameter): Name = "Case/Package"; Value = "0603"; VariantName = "[No Variations]"
Add component (AddParameter): Name = "Manufacturer"; Value = "Walsin"; VariantName = "[No Variations]"
Add component (AddParameter): Name = "Manufacturer Part Number"; Value = "WR06X1002FTL"; VariantName = "[No Variations]"
Add component (AddParameter): Name = "Supplier Part Number-1"; Value = "WR06X1002FTL"; VariantName = "[No Variations]"
Add component (AddParameter): Name = "Supplier-1"; Value = "SIRICOM"; VariantName = "[No Variations]"
Added Component: Designator=R17(RES_0603)
Add component (AddParameter): Name = "Alternate Part Number-1"; Value = "0603WAJ0103T5E"; VariantName = "[No Variations]"
Add component (AddParameter): Name = "Case/Package"; Value = "0603"; VariantName = "[No Variations]"
Add component (AddParameter): Name = "Manufacturer"; Value = "Walsin"; VariantName = "[No Variations]"
Add component (AddParameter): Name = "Manufacturer Part Number"; Value = "WR06X1002FTL"; VariantName = "[No Variations]"
Add component (AddParameter): Name = "Supplier Part Number-1"; Value = "WR06X1002FTL"; VariantName = "[No Variations]"
Add component (AddParameter): Name = "Supplier-1"; Value = "SIRICOM"; VariantName = "[No Variations]"
Added Component: Designator=R18(RES_0603)
Add component (AddParameter): Name = "Alternate Part Number-1"; Value = "0603WAJ0103T5E"; VariantName = "[No Variations]"
Add component (AddParameter): Name = "Case/Package"; Value = "0603"; VariantName = "[No Variations]"
Add component (AddParameter): Name = "Manufacturer"; Value = "Walsin"; VariantName = "[No Variations]"
Add component (AddParameter): Name = "Manufacturer Part Number"; Value = "WR06X1002FTL"; VariantName = "[No Variations]"
Add component (AddParameter): Name = "Supplier Part Number-1"; Value = "WR06X1002FTL"; VariantName = "[No Variations]"
Add component (AddParameter): Name = "Supplier-1"; Value = "SIRICOM"; VariantName = "[No Variations]"
Added Component: Designator=R19(RES_0805)
Add component (AddParameter): Name = "Alternate Part Number-1"; Value = "NA"; VariantName = "[No Variations]"
Add component (AddParameter): Name = "Case/Package"; Value = "0805"; VariantName = "[No Variations]"
Add component (AddParameter): Name = "Manufacturer"; Value = "Vishay BCcomponents"; VariantName = "[No Variations]"
Add component (AddParameter): Name = "Manufacturer Part Number"; Value = "CRG0805F33K"; VariantName = "[No Variations]"
Add component (AddParameter): Name = "Supplier Part Number-1"; Value = "WR08X3302FTL"; VariantName = "[No Variations]"
Add component (AddParameter): Name = "Supplier-1"; Value = "SIRICOM"; VariantName = "[No Variations]"
Added Component: Designator=R20(RES_2512)
Add component (AddParameter): Name = "Alternate Part Number-1"; Value = "PMR100HZPFU5L00"; VariantName = "[No Variations]"
Add component (AddParameter): Name = "Case/Package"; Value = "2512"; VariantName = "[No Variations]"
Add component (AddParameter): Name = "Manufacturer"; Value = "Yageo"; VariantName = "[No Variations]"
Add component (AddParameter): Name = "Manufacturer Part Number"; Value = "PA2512FKF7W0R05E"; VariantName = "[No Variations]"
Add component (AddParameter): Name = "Supplier Part Number-1"; Value = "LR2512-22R060F1"; VariantName = "[No Variations]"
Add component (AddParameter): Name = "Supplier-1"; Value = "SIRICOM"; VariantName = "[No Variations]"
Added Component: Designator=R21(RES_0805)
Add component (AddParameter): Name = "Alternate Part Number-1"; Value = "WR08X1002FTL"; VariantName = "[No Variations]"
Add component (AddParameter): Name = "Case/Package"; Value = "0805"; VariantName = "[No Variations]"
Add component (AddParameter): Name = "Manufacturer"; Value = "CTS"; VariantName = "[No Variations]"
Add component (AddParameter): Name = "Manufacturer Part Number"; Value = "WR08X1002FTL"; VariantName = "[No Variations]"
Add component (AddParameter): Name = "Supplier Part Number-1"; Value = "WR08X1002FTL"; VariantName = "[No Variations]"
Add component (AddParameter): Name = "Supplier-1"; Value = "SIRICOM"; VariantName = "[No Variations]"
Added Component: Designator=R22(RES_0805)
Add component (AddParameter): Name = "Alternate Part Number-1"; Value = "WR08X1002FTL"; VariantName = "[No Variations]"
Add component (AddParameter): Name = "Case/Package"; Value = "0805"; VariantName = "[No Variations]"
Add component (AddParameter): Name = "Manufacturer"; Value = "CTS"; VariantName = "[No Variations]"
Add component (AddParameter): Name = "Manufacturer Part Number"; Value = "WR08X1002FTL"; VariantName = "[No Variations]"
Add component (AddParameter): Name = "Supplier Part Number-1"; Value = "WR08X1002FTL"; VariantName = "[No Variations]"
Add component (AddParameter): Name = "Supplier-1"; Value = "SIRICOM"; VariantName = "[No Variations]"
Added Component: Designator=R23(RES_0805)
Add component (AddParameter): Name = "Alternate Part Number-1"; Value = "WR08X1002FTL"; VariantName = "[No Variations]"
Add component (AddParameter): Name = "Case/Package"; Value = "0805"; VariantName = "[No Variations]"
Add component (AddParameter): Name = "Manufacturer"; Value = "CTS"; VariantName = "[No Variations]"
Add component (AddParameter): Name = "Manufacturer Part Number"; Value = "WR08X1002FTL"; VariantName = "[No Variations]"
Add component (AddParameter): Name = "Supplier Part Number-1"; Value = "WR08X1002FTL"; VariantName = "[No Variations]"
Add component (AddParameter): Name = "Supplier-1"; Value = "SIRICOM"; VariantName = "[No Variations]"
Added Component: Designator=R24(RES_0805)
Add component (AddParameter): Name = "Alternate Part Number-1"; Value = "WR08X1002FTL"; VariantName = "[No Variations]"
Add component (AddParameter): Name = "Case/Package"; Value = "0805"; VariantName = "[No Variations]"
Add component (AddParameter): Name = "Manufacturer"; Value = "CTS"; VariantName = "[No Variations]"
Add component (AddParameter): Name = "Manufacturer Part Number"; Value = "WR08X1002FTL"; VariantName = "[No Variations]"
Add component (AddParameter): Name = "Supplier Part Number-1"; Value = "WR08X1002FTL"; VariantName = "[No Variations]"
Add component (AddParameter): Name = "Supplier-1"; Value = "SIRICOM"; VariantName = "[No Variations]"
Added Component: Designator=R25(RES_0603)
Add component (AddParameter): Name = "Alternate Part Number-1"; Value = "0603WAJ0103T5E"; VariantName = "[No Variations]"
Add component (AddParameter): Name = "Case/Package"; Value = "0603"; VariantName = "[No Variations]"
Add component (AddParameter): Name = "Manufacturer"; Value = "Walsin"; VariantName = "[No Variations]"
Add component (AddParameter): Name = "Manufacturer Part Number"; Value = "WR06X1002FTL"; VariantName = "[No Variations]"
Add component (AddParameter): Name = "Supplier Part Number-1"; Value = "WR06X1002FTL"; VariantName = "[No Variations]"
Add component (AddParameter): Name = "Supplier-1"; Value = "SIRICOM"; VariantName = "[No Variations]"
Added Component: Designator=R26(RES_0603)
Add component (AddParameter): Name = "Alternate Part Number-1"; Value = "0603WAJ0103T5E"; VariantName = "[No Variations]"
Add component (AddParameter): Name = "Case/Package"; Value = "0603"; VariantName = "[No Variations]"
Add component (AddParameter): Name = "Manufacturer"; Value = "Walsin"; VariantName = "[No Variations]"
Add component (AddParameter): Name = "Manufacturer Part Number"; Value = "WR06X1002FTL"; VariantName = "[No Variations]"
Add component (AddParameter): Name = "Supplier Part Number-1"; Value = "WR06X1002FTL"; VariantName = "[No Variations]"
Add component (AddParameter): Name = "Supplier-1"; Value = "SIRICOM"; VariantName = "[No Variations]"
Added Component: Designator=R27(RES_0603)
Add component (AddParameter): Name = "Alternate Part Number-1"; Value = "NA"; VariantName = "[No Variations]"
Add component (AddParameter): Name = "Case/Package"; Value = "0603"; VariantName = "[No Variations]"
Add component (AddParameter): Name = "Manufacturer"; Value = "Stackpole Electronics"; VariantName = "[No Variations]"
Add component (AddParameter): Name = "Manufacturer Part Number"; Value = "RMCF0603FT100K"; VariantName = "[No Variations]"
Add component (AddParameter): Name = "Supplier Part Number-1"; Value = "RMCF0603FT100K"; VariantName = "[No Variations]"
Add component (AddParameter): Name = "Supplier-1"; Value = "Arrow"; VariantName = "[No Variations]"
Added Component: Designator=R28(RES_0603)
Add component (AddParameter): Name = "Alternate Part Number-1"; Value = "0603WAF1001T5E"; VariantName = "[No Variations]"
Add component (AddParameter): Name = "Case/Package"; Value = "0603"; VariantName = "[No Variations]"
Add component (AddParameter): Name = "Manufacturer"; Value = "Walsin"; VariantName = "[No Variations]"
Add component (AddParameter): Name = "Manufacturer Part Number"; Value = "WR06X1001FTL"; VariantName = "[No Variations]"
Add component (AddParameter): Name = "Supplier Part Number-1"; Value = "WR06X1001FTL"; VariantName = "[No Variations]"
Add component (AddParameter): Name = "Supplier-1"; Value = "SIRICOM"; VariantName = "[No Variations]"
Added Component: Designator=R29(RES_0603)
Add component (AddParameter): Name = "Alternate Part Number-1"; Value = "0603WAF1001T5E"; VariantName = "[No Variations]"
Add component (AddParameter): Name = "Case/Package"; Value = "0603"; VariantName = "[No Variations]"
Add component (AddParameter): Name = "Manufacturer"; Value = "Walsin"; VariantName = "[No Variations]"
Add component (AddParameter): Name = "Manufacturer Part Number"; Value = "WR06X1001FTL"; VariantName = "[No Variations]"
Add component (AddParameter): Name = "Supplier Part Number-1"; Value = "WR06X1001FTL"; VariantName = "[No Variations]"
Add component (AddParameter): Name = "Supplier-1"; Value = "SIRICOM"; VariantName = "[No Variations]"
Added Component: Designator=R30(RES_0603)
Add component (AddParameter): Name = "Alternate Part Number-1"; Value = "0603WAJ0103T5E"; VariantName = "[No Variations]"
Add component (AddParameter): Name = "Case/Package"; Value = "0603"; VariantName = "[No Variations]"
Add component (AddParameter): Name = "Manufacturer"; Value = "Walsin"; VariantName = "[No Variations]"
Add component (AddParameter): Name = "Manufacturer Part Number"; Value = "WR06X1002FTL"; VariantName = "[No Variations]"
Add component (AddParameter): Name = "Supplier Part Number-1"; Value = "WR06X1002FTL"; VariantName = "[No Variations]"
Add component (AddParameter): Name = "Supplier-1"; Value = "SIRICOM"; VariantName = "[No Variations]"
Added Component: Designator=R31(RES_0603)
Add component (AddParameter): Name = "Alternate Part Number-1"; Value = "NA"; VariantName = "[No Variations]"
Add component (AddParameter): Name = "Case/Package"; Value = "0603"; VariantName = "[No Variations]"
Add component (AddParameter): Name = "Manufacturer"; Value = "Vishay Dale"; VariantName = "[No Variations]"
Add component (AddParameter): Name = "Manufacturer Part Number"; Value = "CRCW060351R1FKEAC"; VariantName = "[No Variations]"
Add component (AddParameter): Name = "Supplier Part Number-1"; Value = "541-5468-1-ND - Cut Tape (CT)"; VariantName = "[No Variations]"
Add component (AddParameter): Name = "Supplier-1"; Value = "Digikey"; VariantName = "[No Variations]"
Added Component: Designator=R32(RES_0603)
Add component (AddParameter): Name = "Alternate Part Number-1"; Value = "NA"; VariantName = "[No Variations]"
Add component (AddParameter): Name = "Case/Package"; Value = "0603"; VariantName = "[No Variations]"
Add component (AddParameter): Name = "Manufacturer"; Value = "Vishay Dale"; VariantName = "[No Variations]"
Add component (AddParameter): Name = "Manufacturer Part Number"; Value = "CRCW060351R1FKEAC"; VariantName = "[No Variations]"
Add component (AddParameter): Name = "Supplier Part Number-1"; Value = "541-5468-1-ND - Cut Tape (CT)"; VariantName = "[No Variations]"
Add component (AddParameter): Name = "Supplier-1"; Value = "Digikey"; VariantName = "[No Variations]"
Added Component: Designator=R33(RES_0603)
Add component (AddParameter): Name = "Alternate Part Number-1"; Value = "0603WAJ0103T5E"; VariantName = "[No Variations]"
Add component (AddParameter): Name = "Case/Package"; Value = "0603"; VariantName = "[No Variations]"
Add component (AddParameter): Name = "Manufacturer"; Value = "Walsin"; VariantName = "[No Variations]"
Add component (AddParameter): Name = "Manufacturer Part Number"; Value = "WR06X1002FTL"; VariantName = "[No Variations]"
Add component (AddParameter): Name = "Supplier Part Number-1"; Value = "WR06X1002FTL"; VariantName = "[No Variations]"
Add component (AddParameter): Name = "Supplier-1"; Value = "SIRICOM"; VariantName = "[No Variations]"
Added Component: Designator=R34(RES_0603)
Add component (AddParameter): Name = "Alternate Part Number-1"; Value = "NA"; VariantName = "[No Variations]"
Add component (AddParameter): Name = "Case/Package"; Value = "0603"; VariantName = "[No Variations]"
Add component (AddParameter): Name = "Manufacturer"; Value = "Stackpole Electronics"; VariantName = "[No Variations]"
Add component (AddParameter): Name = "Manufacturer Part Number"; Value = "RMCF0603FT100K"; VariantName = "[No Variations]"
Add component (AddParameter): Name = "Supplier Part Number-1"; Value = "RMCF0603FT100K"; VariantName = "[No Variations]"
Add component (AddParameter): Name = "Supplier-1"; Value = "Arrow"; VariantName = "[No Variations]"
Added Component: Designator=R35(RES_0603)
Add component (AddParameter): Name = "Alternate Part Number-1"; Value = "0603WAJ0103T5E"; VariantName = "[No Variations]"
Add component (AddParameter): Name = "Case/Package"; Value = "0603"; VariantName = "[No Variations]"
Add component (AddParameter): Name = "Manufacturer"; Value = "Walsin"; VariantName = "[No Variations]"
Add component (AddParameter): Name = "Manufacturer Part Number"; Value = "WR06X1002FTL"; VariantName = "[No Variations]"
Add component (AddParameter): Name = "Supplier Part Number-1"; Value = "WR06X1002FTL"; VariantName = "[No Variations]"
Add component (AddParameter): Name = "Supplier-1"; Value = "SIRICOM"; VariantName = "[No Variations]"
Added Component: Designator=R36(RES_0603)
Add component (AddParameter): Name = "Alternate Part Number-1"; Value = "NA"; VariantName = "[No Variations]"
Add component (AddParameter): Name = "Case/Package"; Value = "0603"; VariantName = "[No Variations]"
Add component (AddParameter): Name = "Manufacturer"; Value = "Stackpole Electronics"; VariantName = "[No Variations]"
Add component (AddParameter): Name = "Manufacturer Part Number"; Value = "RMCF0603FT100K"; VariantName = "[No Variations]"
Add component (AddParameter): Name = "Supplier Part Number-1"; Value = "RMCF0603FT100K"; VariantName = "[No Variations]"
Add component (AddParameter): Name = "Supplier-1"; Value = "Arrow"; VariantName = "[No Variations]"
Added Component: Designator=R37(RES_0603)
Add component (AddParameter): Name = "Alternate Part Number-1"; Value = "WR06X2201FTL"; VariantName = "[No Variations]"
Add component (AddParameter): Name = "Case/Package"; Value = "0603"; VariantName = "[No Variations]"
Add component (AddParameter): Name = "Manufacturer"; Value = "Stackpole Electronics"; VariantName = "[No Variations]"
Add component (AddParameter): Name = "Manufacturer Part Number"; Value = "ERJ-3GEYJ222V"; VariantName = "[No Variations]"
Add component (AddParameter): Name = "Supplier Part Number-1"; Value = "WR06X2201FTL"; VariantName = "[No Variations]"
Add component (AddParameter): Name = "Supplier-1"; Value = "SIRICOM"; VariantName = "[No Variations]"
Added Component: Designator=R38(RES_0603)
Add component (AddParameter): Name = "Alternate Part Number-1"; Value = "0603WAF3301T5E"; VariantName = "[No Variations]"
Add component (AddParameter): Name = "Case/Package"; Value = "0603"; VariantName = "[No Variations]"
Add component (AddParameter): Name = "Manufacturer"; Value = "Wilson"; VariantName = "[No Variations]"
Add component (AddParameter): Name = "Manufacturer Part Number"; Value = "WR06X3301FTL"; VariantName = "[No Variations]"
Add component (AddParameter): Name = "Supplier Part Number-1"; Value = "WR06X3301FTL"; VariantName = "[No Variations]"
Add component (AddParameter): Name = "Supplier-1"; Value = "SIRICOM"; VariantName = "[No Variations]"
Added Component: Designator=R39(RES_0603)
Add component (AddParameter): Name = "Alternate Part Number-1"; Value = "0603WAJ0103T5E"; VariantName = "[No Variations]"
Add component (AddParameter): Name = "Case/Package"; Value = "0603"; VariantName = "[No Variations]"
Add component (AddParameter): Name = "Manufacturer"; Value = "Walsin"; VariantName = "[No Variations]"
Add component (AddParameter): Name = "Manufacturer Part Number"; Value = "WR06X1002FTL"; VariantName = "[No Variations]"
Add component (AddParameter): Name = "Supplier Part Number-1"; Value = "WR06X1002FTL"; VariantName = "[No Variations]"
Add component (AddParameter): Name = "Supplier-1"; Value = "SIRICOM"; VariantName = "[No Variations]"
Added Component: Designator=R40(RES_0603)
Add component (AddParameter): Name = "Alternate Part Number-1"; Value = "0603WAJ0103T5E"; VariantName = "[No Variations]"
Add component (AddParameter): Name = "Case/Package"; Value = "0603"; VariantName = "[No Variations]"
Add component (AddParameter): Name = "Manufacturer"; Value = "Walsin"; VariantName = "[No Variations]"
Add component (AddParameter): Name = "Manufacturer Part Number"; Value = "WR06X1002FTL"; VariantName = "[No Variations]"
Add component (AddParameter): Name = "Supplier Part Number-1"; Value = "WR06X1002FTL"; VariantName = "[No Variations]"
Add component (AddParameter): Name = "Supplier-1"; Value = "SIRICOM"; VariantName = "[No Variations]"
Added Component: Designator=R41(RES_0603)
Add component (AddParameter): Name = "Alternate Part Number-1"; Value = "0603WAJ0103T5E"; VariantName = "[No Variations]"
Add component (AddParameter): Name = "Case/Package"; Value = "0603"; VariantName = "[No Variations]"
Add component (AddParameter): Name = "Manufacturer"; Value = "Walsin"; VariantName = "[No Variations]"
Add component (AddParameter): Name = "Manufacturer Part Number"; Value = "WR06X1002FTL"; VariantName = "[No Variations]"
Add component (AddParameter): Name = "Supplier Part Number-1"; Value = "WR06X1002FTL"; VariantName = "[No Variations]"
Add component (AddParameter): Name = "Supplier-1"; Value = "SIRICOM"; VariantName = "[No Variations]"
Added Component: Designator=R42(RES_0603)
Add component (AddParameter): Name = "Alternate Part Number-1"; Value = "0603WAJ0103T5E"; VariantName = "[No Variations]"
Add component (AddParameter): Name = "Case/Package"; Value = "0603"; VariantName = "[No Variations]"
Add component (AddParameter): Name = "Manufacturer"; Value = "Walsin"; VariantName = "[No Variations]"
Add component (AddParameter): Name = "Manufacturer Part Number"; Value = "WR06X1002FTL"; VariantName = "[No Variations]"
Add component (AddParameter): Name = "Supplier Part Number-1"; Value = "WR06X1002FTL"; VariantName = "[No Variations]"
Add component (AddParameter): Name = "Supplier-1"; Value = "SIRICOM"; VariantName = "[No Variations]"
Added Component: Designator=R43(RES_0805)
Add component (AddParameter): Name = "Alternate Part Number-1"; Value = "NA"; VariantName = "[No Variations]"
Add component (AddParameter): Name = "Case/Package"; Value = "0805"; VariantName = "[No Variations]"
Add component (AddParameter): Name = "Manufacturer"; Value = "Vishay BCcomponents"; VariantName = "[No Variations]"
Add component (AddParameter): Name = "Manufacturer Part Number"; Value = "CRG0805F33K"; VariantName = "[No Variations]"
Add component (AddParameter): Name = "Supplier Part Number-1"; Value = "WR08X3302FTL"; VariantName = "[No Variations]"
Add component (AddParameter): Name = "Supplier-1"; Value = "SIRICOM"; VariantName = "[No Variations]"
Added Component: Designator=R44(RES_2512)
Add component (AddParameter): Name = "Alternate Part Number-1"; Value = "PMR100HZPFU5L00"; VariantName = "[No Variations]"
Add component (AddParameter): Name = "Case/Package"; Value = "2512"; VariantName = "[No Variations]"
Add component (AddParameter): Name = "Manufacturer"; Value = "Yageo"; VariantName = "[No Variations]"
Add component (AddParameter): Name = "Manufacturer Part Number"; Value = "PA2512FKF7W0R05E"; VariantName = "[No Variations]"
Add component (AddParameter): Name = "Supplier Part Number-1"; Value = "LR2512-22R060F1"; VariantName = "[No Variations]"
Add component (AddParameter): Name = "Supplier-1"; Value = "SIRICOM"; VariantName = "[No Variations]"
Added Component: Designator=R45(RES_0805)
Add component (AddParameter): Name = "Alternate Part Number-1"; Value = "WR08X1002FTL"; VariantName = "[No Variations]"
Add component (AddParameter): Name = "Case/Package"; Value = "0805"; VariantName = "[No Variations]"
Add component (AddParameter): Name = "Manufacturer"; Value = "CTS"; VariantName = "[No Variations]"
Add component (AddParameter): Name = "Manufacturer Part Number"; Value = "WR08X1002FTL"; VariantName = "[No Variations]"
Add component (AddParameter): Name = "Supplier Part Number-1"; Value = "WR08X1002FTL"; VariantName = "[No Variations]"
Add component (AddParameter): Name = "Supplier-1"; Value = "SIRICOM"; VariantName = "[No Variations]"
Added Component: Designator=R46(RES_0805)
Add component (AddParameter): Name = "Alternate Part Number-1"; Value = "WR08X1002FTL"; VariantName = "[No Variations]"
Add component (AddParameter): Name = "Case/Package"; Value = "0805"; VariantName = "[No Variations]"
Add component (AddParameter): Name = "Manufacturer"; Value = "CTS"; VariantName = "[No Variations]"
Add component (AddParameter): Name = "Manufacturer Part Number"; Value = "WR08X1002FTL"; VariantName = "[No Variations]"
Add component (AddParameter): Name = "Supplier Part Number-1"; Value = "WR08X1002FTL"; VariantName = "[No Variations]"
Add component (AddParameter): Name = "Supplier-1"; Value = "SIRICOM"; VariantName = "[No Variations]"
Added Component: Designator=R47(RES_0805)
Add component (AddParameter): Name = "Alternate Part Number-1"; Value = "WR08X1002FTL"; VariantName = "[No Variations]"
Add component (AddParameter): Name = "Case/Package"; Value = "0805"; VariantName = "[No Variations]"
Add component (AddParameter): Name = "Manufacturer"; Value = "CTS"; VariantName = "[No Variations]"
Add component (AddParameter): Name = "Manufacturer Part Number"; Value = "WR08X1002FTL"; VariantName = "[No Variations]"
Add component (AddParameter): Name = "Supplier Part Number-1"; Value = "WR08X1002FTL"; VariantName = "[No Variations]"
Add component (AddParameter): Name = "Supplier-1"; Value = "SIRICOM"; VariantName = "[No Variations]"
Added Component: Designator=R48(RES_0805)
Add component (AddParameter): Name = "Alternate Part Number-1"; Value = "WR08X1002FTL"; VariantName = "[No Variations]"
Add component (AddParameter): Name = "Case/Package"; Value = "0805"; VariantName = "[No Variations]"
Add component (AddParameter): Name = "Manufacturer"; Value = "CTS"; VariantName = "[No Variations]"
Add component (AddParameter): Name = "Manufacturer Part Number"; Value = "WR08X1002FTL"; VariantName = "[No Variations]"
Add component (AddParameter): Name = "Supplier Part Number-1"; Value = "WR08X1002FTL"; VariantName = "[No Variations]"
Add component (AddParameter): Name = "Supplier-1"; Value = "SIRICOM"; VariantName = "[No Variations]"
Added Component: Designator=SW1(SW_342_SMD)
Add component (AddParameter): Name = "Alternate Part Number-1"; Value = "NA"; VariantName = "[No Variations]"
Add component (AddParameter): Name = "Case/Package"; Value = "SMD"; VariantName = "[No Variations]"
Add component (AddParameter): Name = "Manufacturer"; Value = "ITT C&K"; VariantName = "[No Variations]"
Add component (AddParameter): Name = "Manufacturer Part Number"; Value = "RS-282G05A3-SMRT"; VariantName = "[No Variations]"
Add component (AddParameter): Name = "Supplier Part Number-1"; Value = "RS-282G05A3-SMRT"; VariantName = "[No Variations]"
Add component (AddParameter): Name = "Supplier-1"; Value = "SP ROAD"; VariantName = "[No Variations]"
Added Component: Designator=SW2(SW_342_SMD)
Add component (AddParameter): Name = "Alternate Part Number-1"; Value = "NA"; VariantName = "[No Variations]"
Add component (AddParameter): Name = "Case/Package"; Value = "SMD"; VariantName = "[No Variations]"
Add component (AddParameter): Name = "Manufacturer"; Value = "ITT C&K"; VariantName = "[No Variations]"
Add component (AddParameter): Name = "Manufacturer Part Number"; Value = "RS-282G05A3-SMRT"; VariantName = "[No Variations]"
Add component (AddParameter): Name = "Supplier Part Number-1"; Value = "RS-282G05A3-SMRT"; VariantName = "[No Variations]"
Add component (AddParameter): Name = "Supplier-1"; Value = "SP ROAD"; VariantName = "[No Variations]"
Added Component: Designator=SW3(SW_342_SMD)
Add component (AddParameter): Name = "Alternate Part Number-1"; Value = "NA"; VariantName = "[No Variations]"
Add component (AddParameter): Name = "Case/Package"; Value = "SMD"; VariantName = "[No Variations]"
Add component (AddParameter): Name = "Manufacturer"; Value = "ITT C&K"; VariantName = "[No Variations]"
Add component (AddParameter): Name = "Manufacturer Part Number"; Value = "RS-282G05A3-SMRT"; VariantName = "[No Variations]"
Add component (AddParameter): Name = "Supplier Part Number-1"; Value = "RS-282G05A3-SMRT"; VariantName = "[No Variations]"
Add component (AddParameter): Name = "Supplier-1"; Value = "SP ROAD"; VariantName = "[No Variations]"
Added Component: Designator=U1(LQFP-48_19.6_393_58X11_SMD)
Add component (AddParameter): Name = "Alternate Part Number-1"; Value = "NA"; VariantName = "[No Variations]"
Add component (AddParameter): Name = "Case/Package"; Value = "LQFP48"; VariantName = "[No Variations]"
Add component (AddParameter): Name = "Manufacturer"; Value = "STMicroelectronics"; VariantName = "[No Variations]"
Add component (AddParameter): Name = "Manufacturer Part Number"; Value = "STM32F103C8T6"; VariantName = "[No Variations]"
Add component (AddParameter): Name = "Supplier Part Number-1"; Value = "STM32F103C8T6"; VariantName = "[No Variations]"
Add component (AddParameter): Name = "Supplier-1"; Value = "LCSC"; VariantName = "[No Variations]"
Added Component: Designator=U2(VQFN32_19_218_23X9_SMD)
Add component (AddParameter): Name = "Alternate Part Number-1"; Value = "NA"; VariantName = "[No Variations]"
Add component (AddParameter): Name = "Case/Package"; Value = "32-VQFN"; VariantName = "[No Variations]"
Add component (AddParameter): Name = "Manufacturer"; Value = "Texas Instruments"; VariantName = "[No Variations]"
Add component (AddParameter): Name = "Manufacturer Part Number"; Value = "DP83826IRHBR"; VariantName = "[No Variations]"
Add component (AddParameter): Name = "Supplier Part Number-1"; Value = "595-DP83826IRHBR"; VariantName = "[No Variations]"
Add component (AddParameter): Name = "Supplier-1"; Value = "Mouser"; VariantName = "[No Variations]"
Added Component: Designator=U3(VFQFN24_19.6_196_12X32_SMD_1)
Add component (AddParameter): Name = "Alternate Part Number-1"; Value = "NA"; VariantName = "[No Variations]"
Add component (AddParameter): Name = "Case/Package"; Value = "VFQFN24"; VariantName = "[No Variations]"
Add component (AddParameter): Name = "Manufacturer"; Value = "Texas Instruments"; VariantName = "[No Variations]"
Add component (AddParameter): Name = "Manufacturer Part Number"; Value = "DRV8701ERGET"; VariantName = "[No Variations]"
Add component (AddParameter): Name = "Supplier Part Number-1"; Value = "DRV8701ERGET"; VariantName = "[No Variations]"
Add component (AddParameter): Name = "Supplier-1"; Value = "ARROW"; VariantName = "[No Variations]"
Added Component: Designator=U4(SOIC16_50_284_25X90_SMT)
Add component (AddParameter): Name = "Alternate Part Number-1"; Value = "NA"; VariantName = "[No Variations]"
Add component (AddParameter): Name = "Case/Package"; Value = "SOIC16"; VariantName = "[No Variations]"
Add component (AddParameter): Name = "Manufacturer"; Value = "Olimex"; VariantName = "[No Variations]"
Add component (AddParameter): Name = "Manufacturer Part Number"; Value = "CH340C"; VariantName = "[No Variations]"
Add component (AddParameter): Name = "Supplier Part Number-1"; Value = "C84681"; VariantName = "[No Variations]"
Add component (AddParameter): Name = "Supplier-1"; Value = "LCSC"; VariantName = "[No Variations]"
Added Component: Designator=U5(TSSOP16_25-59_294_54X14_SMT)
Add component (AddParameter): Name = "Alternate Part Number-1"; Value = "NA"; VariantName = "[No Variations]"
Add component (AddParameter): Name = "Case/Package"; Value = "TSSOP16"; VariantName = "[No Variations]"
Add component (AddParameter): Name = "Manufacturer"; Value = "Texas Instruments"; VariantName = "[No Variations]"
Add component (AddParameter): Name = "Manufacturer Part Number"; Value = "ADS122C04IPW"; VariantName = "[No Variations]"
Add component (AddParameter): Name = "Supplier Part Number-1"; Value = "ADS122C04IPW"; VariantName = "[No Variations]"
Add component (AddParameter): Name = "Supplier-1"; Value = "MOUSER"; VariantName = "[No Variations]"
Added Component: Designator=U6(QFN40_19_284_33X9_SMD)
Add component (AddParameter): Name = "Alternate Part Number-1"; Value = "NA"; VariantName = "[No Variations]"
Add component (AddParameter): Name = "Case/Package"; Value = "QFN-40"; VariantName = "[No Variations]"
Add component (AddParameter): Name = "Manufacturer"; Value = "Cirrus Logic"; VariantName = "[No Variations]"
Add component (AddParameter): Name = "Manufacturer Part Number"; Value = "CS43L22-CNZ"; VariantName = "[No Variations]"
Add component (AddParameter): Name = "Supplier Part Number-1"; Value = "777-CS43L22-CNZ"; VariantName = "[No Variations]"
Add component (AddParameter): Name = "Supplier-1"; Value = "Mouser"; VariantName = "[No Variations]"
Added Component: Designator=U7(HCLGA-4_53_137_15X37_SMD)
Add component (AddParameter): Name = "Alternate Part Number-1"; Value = "NA"; VariantName = "[No Variations]"
Add component (AddParameter): Name = "Case/Package"; Value = "HCLGA-4"; VariantName = "[No Variations]"
Add component (AddParameter): Name = "Manufacturer"; Value = "STMicroelectronics"; VariantName = "[No Variations]"
Add component (AddParameter): Name = "Manufacturer Part Number"; Value = "IMP34DT05TR"; VariantName = "[No Variations]"
Add component (AddParameter): Name = "Supplier Part Number-1"; Value = "511-IMP34DT05TR"; VariantName = "[No Variations]"
Add component (AddParameter): Name = "Supplier-1"; Value = "Mouser"; VariantName = "[No Variations]"
Added Component: Designator=U8(QFN100_19.6_669_58X10_SMD)
Add component (AddParameter): Name = "Alternate Part Number-1"; Value = "STM32F407VET6"; VariantName = "[No Variations]"
Add component (AddParameter): Name = "Case/Package"; Value = "LQFP100"; VariantName = "[No Variations]"
Add component (AddParameter): Name = "Manufacturer"; Value = "STMicroelectronics"; VariantName = "[No Variations]"
Add component (AddParameter): Name = "Manufacturer Part Number"; Value = "STM32F407VGT6"; VariantName = "[No Variations]"
Add component (AddParameter): Name = "Supplier Part Number-1"; Value = "STM32F407VGT6"; VariantName = "[No Variations]"
Add component (AddParameter): Name = "Supplier-1"; Value = "ARROW"; VariantName = "[No Variations]"
Added Component: Designator=U9(VFQFN24_19.6_196_12X32_SMD_1)
Add component (AddParameter): Name = "Alternate Part Number-1"; Value = "NA"; VariantName = "[No Variations]"
Add component (AddParameter): Name = "Case/Package"; Value = "VFQFN24"; VariantName = "[No Variations]"
Add component (AddParameter): Name = "Manufacturer"; Value = "Texas Instruments"; VariantName = "[No Variations]"
Add component (AddParameter): Name = "Manufacturer Part Number"; Value = "DRV8701ERGET"; VariantName = "[No Variations]"
Add component (AddParameter): Name = "Supplier Part Number-1"; Value = "DRV8701ERGET"; VariantName = "[No Variations]"
Add component (AddParameter): Name = "Supplier-1"; Value = "ARROW"; VariantName = "[No Variations]"
Added Component: Designator=U10(SOT223_3)
Add component (AddParameter): Name = "Alternate Part Number-1"; Value = "NA"; VariantName = "[No Variations]"
Add component (AddParameter): Name = "Case/Package"; Value = "SOT223"; VariantName = "[No Variations]"
Add component (AddParameter): Name = "Manufacturer"; Value = "STMicroelectronics"; VariantName = "[No Variations]"
Add component (AddParameter): Name = "Manufacturer Part Number"; Value = "LD1117S33CTR"; VariantName = "[No Variations]"
Add component (AddParameter): Name = "Supplier Part Number-1"; Value = "LD1117S33CTR"; VariantName = "[No Variations]"
Add component (AddParameter): Name = "Supplier-1"; Value = "SP ROAD"; VariantName = "[No Variations]"
Added Component: Designator=U11(SOT223_3)
Add component (AddParameter): Name = "Alternate Part Number-1"; Value = "NA"; VariantName = "[No Variations]"
Add component (AddParameter): Name = "Case/Package"; Value = "SOT223"; VariantName = "[No Variations]"
Add component (AddParameter): Name = "Manufacturer"; Value = "STMicroelectronics"; VariantName = "[No Variations]"
Add component (AddParameter): Name = "Manufacturer Part Number"; Value = "LD1117S33CTR"; VariantName = "[No Variations]"
Add component (AddParameter): Name = "Supplier Part Number-1"; Value = "LD1117S33CTR"; VariantName = "[No Variations]"
Add component (AddParameter): Name = "Supplier-1"; Value = "SP ROAD"; VariantName = "[No Variations]"
Added Component: Designator=X1(XTAL_314_240X47_SMD)
Add component (AddParameter): Name = "Alternate Part Number-1"; Value = "NA"; VariantName = "[No Variations]"
Add component (AddParameter): Name = "Case/Package"; Value = "SMD/SMT"; VariantName = "[No Variations]"
Add component (AddParameter): Name = "Manufacturer"; Value = "Fox Electronics"; VariantName = "[No Variations]"
Add component (AddParameter): Name = "Manufacturer Part Number"; Value = "ECS-80-32-5PX-TR"; VariantName = "[No Variations]"
Add component (AddParameter): Name = "Supplier Part Number-1"; Value = "ECS-80-32-5PX-TR"; VariantName = "[No Variations]"
Add component (AddParameter): Name = "Supplier-1"; Value = "SP ROAD"; VariantName = "[No Variations]"
Added Component: Designator=X2(XTAL_314_240X47_SMD)
Add component (AddParameter): Name = "Alternate Part Number-1"; Value = "NA"; VariantName = "[No Variations]"
Add component (AddParameter): Name = "Case/Package"; Value = "SMD/SMT"; VariantName = "[No Variations]"
Add component (AddParameter): Name = "Manufacturer"; Value = "Fox Electronics"; VariantName = "[No Variations]"
Add component (AddParameter): Name = "Manufacturer Part Number"; Value = "ECS-80-32-5PX-TR"; VariantName = "[No Variations]"
Add component (AddParameter): Name = "Supplier Part Number-1"; Value = "ECS-80-32-5PX-TR"; VariantName = "[No Variations]"
Add component (AddParameter): Name = "Supplier-1"; Value = "SP ROAD"; VariantName = "[No Variations]"
Added Component: Designator=Y1(XTAL_314_240X47_SMD)
Add component (AddParameter): Name = "Alternate Part Number-1"; Value = "NA"; VariantName = "[No Variations]"
Add component (AddParameter): Name = "Case/Package"; Value = "SMD"; VariantName = "[No Variations]"
Add component (AddParameter): Name = "Manufacturer"; Value = "Abracon"; VariantName = "[No Variations]"
Add component (AddParameter): Name = "Manufacturer Part Number"; Value = "FOXSDLF/250F-20"; VariantName = "[No Variations]"
Add component (AddParameter): Name = "Supplier Part Number-1"; Value = "FOXSDLF/250F-20"; VariantName = "[No Variations]"
Add component (AddParameter): Name = "Supplier-1"; Value = "MOUSER"; VariantName = "[No Variations]"
Added Pin To Net: NetName=SN_2 Pin=C1-1
Added Pin To Net: NetName=+3V3 Pin=C1-2
Added Pin To Net: NetName=SN_2 Pin=C2-1
Added Pin To Net: NetName=+3V3 Pin=C2-2
Added Pin To Net: NetName=SN_2 Pin=C3-1
Added Pin To Net: NetName=+3V3 Pin=C3-2
Added Pin To Net: NetName=SN_2 Pin=C4-1
Added Pin To Net: NetName=+3V3 Pin=C4-2
Added Pin To Net: NetName=SN_2 Pin=C5-1
Added Pin To Net: NetName=NetC5_2 Pin=C5-2
Added Pin To Net: NetName=SN_2 Pin=C6-1
Added Pin To Net: NetName=NetC6_2 Pin=C6-2
Added Pin To Net: NetName=SN_2 Pin=C7-1
Added Pin To Net: NetName=+3V3 Pin=C7-2
Added Pin To Net: NetName=SN_2 Pin=C8-1
Added Pin To Net: NetName=+3V3 Pin=C8-2
Added Pin To Net: NetName=SN_2 Pin=C9-1
Added Pin To Net: NetName=+3V3 Pin=C9-2
Added Pin To Net: NetName=SN_2 Pin=C10-1
Added Pin To Net: NetName=NRST Pin=C10-2
Added Pin To Net: NetName=SN_2 Pin=C11-1
Added Pin To Net: NetName=NetC11_2 Pin=C11-2
Added Pin To Net: NetName=SN_2 Pin=C12-1
Added Pin To Net: NetName=NetC12_2 Pin=C12-2
Added Pin To Net: NetName=SN_2 Pin=C13-1
Added Pin To Net: NetName=NetC12_2 Pin=C13-2
Added Pin To Net: NetName=SN_2 Pin=C14-1
Added Pin To Net: NetName=NetC12_2 Pin=C14-2
Added Pin To Net: NetName=SN_2 Pin=C15-1
Added Pin To Net: NetName=NetC12_2 Pin=C15-2
Added Pin To Net: NetName=NetC16_1 Pin=C16-1
Added Pin To Net: NetName=NetC16_2 Pin=C16-2
Added Pin To Net: NetName=NetC16_1 Pin=C17-1
Added Pin To Net: NetName=NetC16_2 Pin=C17-2
Added Pin To Net: NetName=NetC16_1 Pin=C18-1
Added Pin To Net: NetName=NetC16_2 Pin=C18-2
Added Pin To Net: NetName=NetC16_1 Pin=C19-1
Added Pin To Net: NetName=NetC16_2 Pin=C19-2
Added Pin To Net: NetName=SN_2 Pin=C20-1
Added Pin To Net: NetName=NetC20_2 Pin=C20-2
Added Pin To Net: NetName=SN_2 Pin=C21-1
Added Pin To Net: NetName=NetC21_2 Pin=C21-2
Added Pin To Net: NetName=ERATH Pin=C22-1
Added Pin To Net: NetName=NetC22_2 Pin=C22-2
Added Pin To Net: NetName=NetC23_1 Pin=C23-1
Added Pin To Net: NetName=NetC23_2 Pin=C23-2
Added Pin To Net: NetName=+12V Pin=C24-1
Added Pin To Net: NetName=NetC24_2 Pin=C24-2
Added Pin To Net: NetName=+12V Pin=C25-1
Added Pin To Net: NetName=SN_2 Pin=C25-2
Added Pin To Net: NetName=SN_2 Pin=C26-1
Added Pin To Net: NetName=+12V Pin=C26-2
Added Pin To Net: NetName=SN_2 Pin=C27-1
Added Pin To Net: NetName=NetC27_2 Pin=C27-2
Added Pin To Net: NetName=SN_2 Pin=C28-1
Added Pin To Net: NetName=DVDD Pin=C28-2
Added Pin To Net: NetName=SN_2 Pin=C29-1
Added Pin To Net: NetName=+3V3 Pin=C29-2
Added Pin To Net: NetName=SN_2 Pin=C30-1
Added Pin To Net: NetName=NetC30_2 Pin=C30-2
Added Pin To Net: NetName=SN_2 Pin=C31-1
Added Pin To Net: NetName=+3V3 Pin=C31-2
Added Pin To Net: NetName=NetC32_1 Pin=C32-1
Added Pin To Net: NetName=NetC32_2 Pin=C32-2
Added Pin To Net: NetName=SN_2 Pin=C33-1
Added Pin To Net: NetName=NetC32_1 Pin=C33-2
Added Pin To Net: NetName=SN_2 Pin=C34-1
Added Pin To Net: NetName=NetC32_2 Pin=C34-2
Added Pin To Net: NetName=SN_2 Pin=C35-1
Added Pin To Net: NetName=+3V3 Pin=C35-2
Added Pin To Net: NetName=NetC36_1 Pin=C36-1
Added Pin To Net: NetName=SN_2 Pin=C36-2
Added Pin To Net: NetName=SN_2 Pin=C37-1
Added Pin To Net: NetName=NetC37_2 Pin=C37-2
Added Pin To Net: NetName=SN_2 Pin=C38-1
Added Pin To Net: NetName=NetC37_2 Pin=C38-2
Added Pin To Net: NetName=SN_2 Pin=C39-1
Added Pin To Net: NetName=NetC37_2 Pin=C39-2
Added Pin To Net: NetName=NetC40_1 Pin=C40-1
Added Pin To Net: NetName=SN_2 Pin=C40-2
Added Pin To Net: NetName=SN_2 Pin=C41-1
Added Pin To Net: NetName=+1V8 Pin=C41-2
Added Pin To Net: NetName=SN_2 Pin=C42-1
Added Pin To Net: NetName=+1V8 Pin=C42-2
Added Pin To Net: NetName=NetC43_1 Pin=C43-1
Added Pin To Net: NetName=NetC43_2 Pin=C43-2
Added Pin To Net: NetName=NetC44_1 Pin=C44-1
Added Pin To Net: NetName=SN_2 Pin=C44-2
Added Pin To Net: NetName=SN_2 Pin=C45-1
Added Pin To Net: NetName=+3V3 Pin=C45-2
Added Pin To Net: NetName=SN_2 Pin=C46-1
Added Pin To Net: NetName=+3V3 Pin=C46-2
Added Pin To Net: NetName=+3V3 Pin=C47-1
Added Pin To Net: NetName=SN_2 Pin=C47-2
Added Pin To Net: NetName=SN_2 Pin=C48-1
Added Pin To Net: NetName=+3V3 Pin=C48-2
Added Pin To Net: NetName=NetC49_1 Pin=C49-1
Added Pin To Net: NetName=SN_2 Pin=C49-2
Added Pin To Net: NetName=NetC50_1 Pin=C50-1
Added Pin To Net: NetName=SN_2 Pin=C50-2
Added Pin To Net: NetName=NetC51_1 Pin=C51-1
Added Pin To Net: NetName=SN_2 Pin=C51-2
Added Pin To Net: NetName=NetC52_1 Pin=C52-1
Added Pin To Net: NetName=SN_2 Pin=C52-2
Added Pin To Net: NetName=SN_2 Pin=C53-1
Added Pin To Net: NetName=+3V3 Pin=C53-2
Added Pin To Net: NetName=SN_2 Pin=C54-1
Added Pin To Net: NetName=+3V3 Pin=C54-2
Added Pin To Net: NetName=SN_2 Pin=C55-1
Added Pin To Net: NetName=+3V3 Pin=C55-2
Added Pin To Net: NetName=SN_2 Pin=C56-1
Added Pin To Net: NetName=+3V3 Pin=C56-2
Added Pin To Net: NetName=SN_2 Pin=C57-1
Added Pin To Net: NetName=+3V3 Pin=C57-2
Added Pin To Net: NetName=SN_2 Pin=C58-1
Added Pin To Net: NetName=+3V3 Pin=C58-2
Added Pin To Net: NetName=SN_2 Pin=C59-1
Added Pin To Net: NetName=+3V3 Pin=C59-2
Added Pin To Net: NetName=SN_2 Pin=C60-1
Added Pin To Net: NetName=+3V3 Pin=C60-2
Added Pin To Net: NetName=SN_2 Pin=C61-1
Added Pin To Net: NetName=+3V3 Pin=C61-2
Added Pin To Net: NetName=SN_2 Pin=C62-1
Added Pin To Net: NetName=+3V3 Pin=C62-2
Added Pin To Net: NetName=SN_2 Pin=C63-1
Added Pin To Net: NetName=+3V3 Pin=C63-2
Added Pin To Net: NetName=SN_2 Pin=C64-1
Added Pin To Net: NetName=+3V3 Pin=C64-2
Added Pin To Net: NetName=SN_2 Pin=C65-1
Added Pin To Net: NetName=NRST_F407 Pin=C65-2
Added Pin To Net: NetName=SN_2 Pin=C66-1
Added Pin To Net: NetName=NetC66_2 Pin=C66-2
Added Pin To Net: NetName=SN_2 Pin=C67-1
Added Pin To Net: NetName=NetC67_2 Pin=C67-2
Added Pin To Net: NetName=SN_2 Pin=C68-1
Added Pin To Net: NetName=NetC67_2 Pin=C68-2
Added Pin To Net: NetName=SN_2 Pin=C69-1
Added Pin To Net: NetName=NetC67_2 Pin=C69-2
Added Pin To Net: NetName=SN_2 Pin=C70-1
Added Pin To Net: NetName=NetC67_2 Pin=C70-2
Added Pin To Net: NetName=SN_2 Pin=C71-1
Added Pin To Net: NetName=NetC71_2 Pin=C71-2
Added Pin To Net: NetName=SN_2 Pin=C72-1
Added Pin To Net: NetName=NetC72_2 Pin=C72-2
Added Pin To Net: NetName=SN_2 Pin=C73-1
Added Pin To Net: NetName=NetC73_2 Pin=C73-2
Added Pin To Net: NetName=SN_2 Pin=C74-1
Added Pin To Net: NetName=+3V3 Pin=C74-2
Added Pin To Net: NetName=NetC75_1 Pin=C75-1
Added Pin To Net: NetName=NetC75_2 Pin=C75-2
Added Pin To Net: NetName=+12V Pin=C76-1
Added Pin To Net: NetName=NetC76_2 Pin=C76-2
Added Pin To Net: NetName=+12V Pin=C77-1
Added Pin To Net: NetName=SN_2 Pin=C77-2
Added Pin To Net: NetName=SN_2 Pin=C78-1
Added Pin To Net: NetName=+12V Pin=C78-2
Added Pin To Net: NetName=SN_2 Pin=C79-1
Added Pin To Net: NetName=NetC79_2 Pin=C79-2
Added Pin To Net: NetName=SN_2 Pin=C80-1
Added Pin To Net: NetName=DVDD Pin=C80-2
Added Pin To Net: NetName=+12V Pin=C81-1
Added Pin To Net: NetName=SN_2 Pin=C81-2
Added Pin To Net: NetName=+12V Pin=C82-1
Added Pin To Net: NetName=SN_2 Pin=C82-2
Added Pin To Net: NetName=+12V Pin=C83-1
Added Pin To Net: NetName=SN_2 Pin=C83-2
Added Pin To Net: NetName=SN_2 Pin=C84-1
Added Pin To Net: NetName=+3V3 Pin=C84-2
Added Pin To Net: NetName=SN_2 Pin=C85-1
Added Pin To Net: NetName=+3V3 Pin=C85-2
Added Pin To Net: NetName=SN_2 Pin=C86-1
Added Pin To Net: NetName=+3V3 Pin=C86-2
Added Pin To Net: NetName=SN_2 Pin=C87-1
Added Pin To Net: NetName=NetC87_2 Pin=C87-2
Added Pin To Net: NetName=SN_2 Pin=C88-1
Added Pin To Net: NetName=NetC87_2 Pin=C88-2
Added Pin To Net: NetName=SN_2 Pin=C89-1
Added Pin To Net: NetName=NetC87_2 Pin=C89-2
Added Pin To Net: NetName=SN_2 Pin=C90-1
Added Pin To Net: NetName=+1V8 Pin=C90-2
Added Pin To Net: NetName=SN_2 Pin=C91-1
Added Pin To Net: NetName=+1V8 Pin=C91-2
Added Pin To Net: NetName=SN_2 Pin=C92-1
Added Pin To Net: NetName=+1V8 Pin=C92-2
Added Pin To Net: NetName=SN_2 Pin=C93-1
Added Pin To Net: NetName=NetC93_2 Pin=C93-2
Added Pin To Net: NetName=SN_2 Pin=C94-1
Added Pin To Net: NetName=NetC93_2 Pin=C94-2
Added Pin To Net: NetName=SN_2 Pin=C95-1
Added Pin To Net: NetName=NetC93_2 Pin=C95-2
Added Pin To Net: NetName=SN_2 Pin=D1-A
Added Pin To Net: NetName=TD_P Pin=D1-K
Added Pin To Net: NetName=SN_2 Pin=D2-A
Added Pin To Net: NetName=TD_N Pin=D2-K
Added Pin To Net: NetName=SN_2 Pin=D3-A
Added Pin To Net: NetName=RD_P Pin=D3-K
Added Pin To Net: NetName=SN_2 Pin=D4-A
Added Pin To Net: NetName=RD_N Pin=D4-K
Added Pin To Net: NetName=+12V Pin=D5-A
Added Pin To Net: NetName=NetC87_2 Pin=D5-K
Added Pin To Net: NetName=SN_2 Pin=D6-A
Added Pin To Net: NetName=+3V3 Pin=D6-K
Added Pin To Net: NetName=+12V Pin=D7-A
Added Pin To Net: NetName=NetC93_2 Pin=D7-K
Added Pin To Net: NetName=SN_2 Pin=D8-A
Added Pin To Net: NetName=+1V8 Pin=D8-K
Added Pin To Net: NetName=NetDS1_A Pin=DS1-A
Added Pin To Net: NetName=NetDS1_K Pin=DS1-K
Added Pin To Net: NetName=NetDS2_A Pin=DS2-A
Added Pin To Net: NetName=NetDS2_K Pin=DS2-K
Added Pin To Net: NetName=VDDIO Pin=FB1-1
Added Pin To Net: NetName=NetC12_2 Pin=FB1-2
Added Pin To Net: NetName=NetC16_1 Pin=FB2-1
Added Pin To Net: NetName=VDDIO Pin=FB2-2
Added Pin To Net: NetName=+3V3 Pin=FB3-1
Added Pin To Net: NetName=NetC30_2 Pin=FB3-2
Added Pin To Net: NetName=+1V8 Pin=FB4-1
Added Pin To Net: NetName=NetC37_2 Pin=FB4-2
Added Pin To Net: NetName=+3V3 Pin=FB5-1
Added Pin To Net: NetName=NetC67_2 Pin=FB5-2
Added Pin To Net: NetName=NTJRST_F103 Pin=J1-1
Added Pin To Net: NetName=JTDI_F103 Pin=J1-2
Added Pin To Net: NetName=JTCK/SWCLK_F103 Pin=J1-3
Added Pin To Net: NetName=JTMS/SWDIO_F103 Pin=J1-4
Added Pin To Net: NetName=JTDO_F103 Pin=J1-5
Added Pin To Net: NetName=SN_2 Pin=J1-6
Added Pin To Net: NetName=USB_N Pin=J2-2
Added Pin To Net: NetName=USB_P Pin=J2-3
Added Pin To Net: NetName=SN_2 Pin=J2-5
Added Pin To Net: NetName=SN_2 Pin=J2-6
Added Pin To Net: NetName=SN_2 Pin=J2-6
Added Pin To Net: NetName=SN_2 Pin=J2-6
Added Pin To Net: NetName=SN_2 Pin=J2-6
Added Pin To Net: NetName=TD_P Pin=J3-1
Added Pin To Net: NetName=TD_N Pin=J3-2
Added Pin To Net: NetName=RD_P Pin=J3-5
Added Pin To Net: NetName=RD_N Pin=J3-6
Added Pin To Net: NetName=NetC22_2 Pin=J3-9
Added Pin To Net: NetName=NetC22_2 Pin=J3-10
Added Pin To Net: NetName=SH1 Pin=J4-1
Added Pin To Net: NetName=SH2 Pin=J4-2
Added Pin To Net: NetName=CH340USB_N Pin=J5-2
Added Pin To Net: NetName=CH340USB_P Pin=J5-3
Added Pin To Net: NetName=SN_2 Pin=J5-5
Added Pin To Net: NetName=SN_2 Pin=J5-6
Added Pin To Net: NetName=SN_2 Pin=J5-6
Added Pin To Net: NetName=SN_2 Pin=J5-6
Added Pin To Net: NetName=SN_2 Pin=J5-6
Added Pin To Net: NetName=AIN0 Pin=J6-1
Added Pin To Net: NetName=AIN1 Pin=J6-2
Added Pin To Net: NetName=+3V3 Pin=J6-3
Added Pin To Net: NetName=SN_2 Pin=J6-4
Added Pin To Net: NetName=SN_2 Pin=J7-1
Added Pin To Net: NetName=NetJ7_2 Pin=J7-2
Added Pin To Net: NetName=NetJ7_3 Pin=J7-3
Added Pin To Net: NetName=CAN_RX Pin=J8-1
Added Pin To Net: NetName=CAN_TX Pin=J8-2
Added Pin To Net: NetName=+3V3 Pin=J8-3
Added Pin To Net: NetName=SN_2 Pin=J8-4
Added Pin To Net: NetName=EXT_UART_RX Pin=J9-1
Added Pin To Net: NetName=EXT_UART_TX Pin=J9-2
Added Pin To Net: NetName=+3V3 Pin=J9-3
Added Pin To Net: NetName=SN_2 Pin=J9-4
Added Pin To Net: NetName=SH1_2 Pin=J10-1
Added Pin To Net: NetName=SH2_2 Pin=J10-2
Added Pin To Net: NetName=SN_2 Pin=J11-1
Added Pin To Net: NetName=SN_2 Pin=J11-2
Added Pin To Net: NetName=+12V Pin=J11-3
Added Pin To Net: NetName=OUTA+ Pin=J12-1
Added Pin To Net: NetName=OUTA- Pin=J12-2
Added Pin To Net: NetName=OUTB+ Pin=J12-3
Added Pin To Net: NetName=OUTB- Pin=J12-4
Added Pin To Net: NetName=GH1 Pin=Q1-1
Added Pin To Net: NetName=+12V Pin=Q1-2
Added Pin To Net: NetName=SH1 Pin=Q1-3
Added Pin To Net: NetName=GL1 Pin=Q1-4
Added Pin To Net: NetName=SP Pin=Q1-5
Added Pin To Net: NetName=SP Pin=Q1-6
Added Pin To Net: NetName=SP Pin=Q1-7
Added Pin To Net: NetName=SP Pin=Q1-8
Added Pin To Net: NetName=GL2 Pin=Q1-9
Added Pin To Net: NetName=SH2 Pin=Q1-10
Added Pin To Net: NetName=+12V Pin=Q1-11
Added Pin To Net: NetName=GH2 Pin=Q1-12
Added Pin To Net: NetName=SH1 Pin=Q1-13
Added Pin To Net: NetName=SH2 Pin=Q1-14
Added Pin To Net: NetName=+12V Pin=Q1-15
Added Pin To Net: NetName=GH1_2 Pin=Q2-1
Added Pin To Net: NetName=+12V Pin=Q2-2
Added Pin To Net: NetName=SH1_2 Pin=Q2-3
Added Pin To Net: NetName=GL1_2 Pin=Q2-4
Added Pin To Net: NetName=SP_2 Pin=Q2-5
Added Pin To Net: NetName=SP_2 Pin=Q2-6
Added Pin To Net: NetName=SP_2 Pin=Q2-7
Added Pin To Net: NetName=SP_2 Pin=Q2-8
Added Pin To Net: NetName=GL2_2 Pin=Q2-9
Added Pin To Net: NetName=SH2_2 Pin=Q2-10
Added Pin To Net: NetName=+12V Pin=Q2-11
Added Pin To Net: NetName=GH2_2 Pin=Q2-12
Added Pin To Net: NetName=SH1_2 Pin=Q2-13
Added Pin To Net: NetName=SH2_2 Pin=Q2-14
Added Pin To Net: NetName=+12V Pin=Q2-15
Added Pin To Net: NetName=NetR1_1 Pin=R1-1
Added Pin To Net: NetName=SN_2 Pin=R1-2
Added Pin To Net: NetName=USB_P Pin=R2-1
Added Pin To Net: NetName=+3V3 Pin=R2-2
Added Pin To Net: NetName=SN_2 Pin=R3-1
Added Pin To Net: NetName=NetR3_2 Pin=R3-2
Added Pin To Net: NetName=NRST Pin=R4-1
Added Pin To Net: NetName=+3V3 Pin=R4-2
Added Pin To Net: NetName=SN_2 Pin=R5-1
Added Pin To Net: NetName=NetDS1_K Pin=R5-2
Added Pin To Net: NetName=SN_2 Pin=R6-1
Added Pin To Net: NetName=NetDS2_K Pin=R6-2
Added Pin To Net: NetName=VDDIO Pin=R7-1
Added Pin To Net: NetName=PHY_RESET Pin=R7-2
Added Pin To Net: NetName=NetR8_1 Pin=R8-1
Added Pin To Net: NetName=VDDIO Pin=R8-2
Added Pin To Net: NetName=NetR9_1 Pin=R9-1
Added Pin To Net: NetName=VDDIO Pin=R9-2
Added Pin To Net: NetName=NetR10_1 Pin=R10-1
Added Pin To Net: NetName=VDDIO Pin=R10-2
Added Pin To Net: NetName=SN_2 Pin=R11-1
Added Pin To Net: NetName=NetR11_2 Pin=R11-2
Added Pin To Net: NetName=ERATH Pin=R12-1
Added Pin To Net: NetName=NetC22_2 Pin=R12-2
Added Pin To Net: NetName=NetC27_2 Pin=R13-1
Added Pin To Net: NetName=NetR13_2 Pin=R13-2
Added Pin To Net: NetName=SN_2 Pin=R14-1
Added Pin To Net: NetName=NetR13_2 Pin=R14-2
Added Pin To Net: NetName=GH2 Pin=R15-1
Added Pin To Net: NetName=SH2 Pin=R15-2
Added Pin To Net: NetName=GH1 Pin=R16-1
Added Pin To Net: NetName=SH1 Pin=R16-2
Added Pin To Net: NetName=SH2 Pin=R17-1
Added Pin To Net: NetName=GL2 Pin=R17-2
Added Pin To Net: NetName=SP Pin=R18-1
Added Pin To Net: NetName=GL1 Pin=R18-2
Added Pin To Net: NetName=SN_2 Pin=R19-1
Added Pin To Net: NetName=NetR19_2 Pin=R19-2
Added Pin To Net: NetName=SN_2 Pin=R20-1
Added Pin To Net: NetName=SP Pin=R20-2
Added Pin To Net: NetName=DVDD Pin=R21-1
Added Pin To Net: NetName=SNSOUT Pin=R21-2
Added Pin To Net: NetName=DVDD Pin=R22-1
Added Pin To Net: NetName=nFAULT Pin=R22-2
Added Pin To Net: NetName=+3V3 Pin=R23-1
Added Pin To Net: NetName=NetR23_2 Pin=R23-2
Added Pin To Net: NetName=SN_2 Pin=R24-1
Added Pin To Net: NetName=NetR24_2 Pin=R24-2
Added Pin To Net: NetName=NetR25_1 Pin=R25-1
Added Pin To Net: NetName=+3V3 Pin=R25-2
Added Pin To Net: NetName=NetR26_1 Pin=R26-1
Added Pin To Net: NetName=+3V3 Pin=R26-2
Added Pin To Net: NetName=+3V3 Pin=R27-1
Added Pin To Net: NetName=NetR27_2 Pin=R27-2
Added Pin To Net: NetName=NetC32_2 Pin=R28-1
Added Pin To Net: NetName=AIN0 Pin=R28-2
Added Pin To Net: NetName=NetC32_1 Pin=R29-1
Added Pin To Net: NetName=AIN1 Pin=R29-2
Added Pin To Net: NetName=RESET_DAC Pin=R30-1
Added Pin To Net: NetName=+3V3 Pin=R30-2
Added Pin To Net: NetName=NetJ7_2 Pin=R31-1
Added Pin To Net: NetName=NetC36_1 Pin=R31-2
Added Pin To Net: NetName=NetJ7_3 Pin=R32-1
Added Pin To Net: NetName=NetC40_1 Pin=R32-2
Added Pin To Net: NetName=NetR33_1 Pin=R33-1
Added Pin To Net: NetName=+3V3 Pin=R33-2
Added Pin To Net: NetName=SN_2 Pin=R34-1
Added Pin To Net: NetName=NetR34_2 Pin=R34-2
Added Pin To Net: NetName=NRST_F407 Pin=R35-1
Added Pin To Net: NetName=+3V3 Pin=R35-2
Added Pin To Net: NetName=SN_2 Pin=R36-1
Added Pin To Net: NetName=NetR36_2 Pin=R36-2
Added Pin To Net: NetName=NetC79_2 Pin=R37-1
Added Pin To Net: NetName=NetR37_2 Pin=R37-2
Added Pin To Net: NetName=SN_2 Pin=R38-1
Added Pin To Net: NetName=NetR37_2 Pin=R38-2
Added Pin To Net: NetName=GH2_2 Pin=R39-1
Added Pin To Net: NetName=SH2_2 Pin=R39-2
Added Pin To Net: NetName=GH1_2 Pin=R40-1
Added Pin To Net: NetName=SH1_2 Pin=R40-2
Added Pin To Net: NetName=SH2_2 Pin=R41-1
Added Pin To Net: NetName=GL2_2 Pin=R41-2
Added Pin To Net: NetName=SP_2 Pin=R42-1
Added Pin To Net: NetName=GL1_2 Pin=R42-2
Added Pin To Net: NetName=SN_2 Pin=R43-1
Added Pin To Net: NetName=NetR43_2 Pin=R43-2
Added Pin To Net: NetName=SN_2 Pin=R44-1
Added Pin To Net: NetName=SP_2 Pin=R44-2
Added Pin To Net: NetName=DVDD Pin=R45-1
Added Pin To Net: NetName=SNSOUT_2 Pin=R45-2
Added Pin To Net: NetName=DVDD Pin=R46-1
Added Pin To Net: NetName=nFAULT_2 Pin=R46-2
Added Pin To Net: NetName=+3V3 Pin=R47-1
Added Pin To Net: NetName=NetR47_2 Pin=R47-2
Added Pin To Net: NetName=SN_2 Pin=R48-1
Added Pin To Net: NetName=NetR48_2 Pin=R48-2
Added Pin To Net: NetName=NRST Pin=SW1-1
Added Pin To Net: NetName=SN_2 Pin=SW1-2
Added Pin To Net: NetName=SN_2 Pin=SW2-1
Added Pin To Net: NetName=PHY_RESET Pin=SW2-2
Added Pin To Net: NetName=SN_2 Pin=SW3-1
Added Pin To Net: NetName=NRST_F407 Pin=SW3-2
Added Pin To Net: NetName=+3V3 Pin=U1-1
Added Pin To Net: NetName=NetC5_2 Pin=U1-5
Added Pin To Net: NetName=NetC6_2 Pin=U1-6
Added Pin To Net: NetName=NRST Pin=U1-7
Added Pin To Net: NetName=SN_2 Pin=U1-8
Added Pin To Net: NetName=+3V3 Pin=U1-9
Added Pin To Net: NetName=NetU1_18 Pin=U1-18
Added Pin To Net: NetName=NetR3_2 Pin=U1-20
Added Pin To Net: NetName=SN_2 Pin=U1-23
Added Pin To Net: NetName=+3V3 Pin=U1-24
Added Pin To Net: NetName=NetU1_25 Pin=U1-25
Added Pin To Net: NetName=NRST_F407 Pin=U1-26
Added Pin To Net: NetName=NetU1_25 Pin=U1-27
Added Pin To Net: NetName=USB_N Pin=U1-32
Added Pin To Net: NetName=USB_P Pin=U1-33
Added Pin To Net: NetName=JTMS/SWDIO_F103 Pin=U1-34
Added Pin To Net: NetName=SN_2 Pin=U1-35
Added Pin To Net: NetName=+3V3 Pin=U1-36
Added Pin To Net: NetName=JTCK/SWCLK_F103 Pin=U1-37
Added Pin To Net: NetName=JTDI_F103 Pin=U1-38
Added Pin To Net: NetName=JTDO_F103 Pin=U1-39
Added Pin To Net: NetName=NTJRST_F103 Pin=U1-40
Added Pin To Net: NetName=NetR1_1 Pin=U1-44
Added Pin To Net: NetName=SN_2 Pin=U1-47
Added Pin To Net: NetName=+3V3 Pin=U1-48
Added Pin To Net: NetName=NetR9_1 Pin=U2-1
Added Pin To Net: NetName=NetC11_2 Pin=U2-2
Added Pin To Net: NetName=NetC12_2 Pin=U2-3
Added Pin To Net: NetName=RD_N Pin=U2-4
Added Pin To Net: NetName=RD_P Pin=U2-5
Added Pin To Net: NetName=TD_N Pin=U2-6
Added Pin To Net: NetName=TD_P Pin=U2-7
Added Pin To Net: NetName=NetC20_2 Pin=U2-8
Added Pin To Net: NetName=NetC21_2 Pin=U2-9
Added Pin To Net: NetName=NetR11_2 Pin=U2-10
Added Pin To Net: NetName=NetR10_1 Pin=U2-11
Added Pin To Net: NetName=NetU2_12 Pin=U2-12
Added Pin To Net: NetName=NetU2_13 Pin=U2-13
Added Pin To Net: NetName=NetU2_14 Pin=U2-14
Added Pin To Net: NetName=NetU2_15 Pin=U2-15
Added Pin To Net: NetName=NetU2_16 Pin=U2-16
Added Pin To Net: NetName=NetC16_1 Pin=U2-17
Added Pin To Net: NetName=NetU2_18 Pin=U2-18
Added Pin To Net: NetName=NetU2_19 Pin=U2-19
Added Pin To Net: NetName=NetU2_20 Pin=U2-20
Added Pin To Net: NetName=NetR8_1 Pin=U2-21
Added Pin To Net: NetName=NetU2_22 Pin=U2-22
Added Pin To Net: NetName=NetU2_23 Pin=U2-23
Added Pin To Net: NetName=NetU2_24 Pin=U2-24
Added Pin To Net: NetName=NetU2_25 Pin=U2-25
Added Pin To Net: NetName=NetU2_26 Pin=U2-26
Added Pin To Net: NetName=NetU2_27 Pin=U2-27
Added Pin To Net: NetName=NetDS1_A Pin=U2-28
Added Pin To Net: NetName=NetDS2_A Pin=U2-29
Added Pin To Net: NetName=PHY_RESET Pin=U2-32
Added Pin To Net: NetName=SN_2 Pin=U2-33
Added Pin To Net: NetName=+12V Pin=U3-1
Added Pin To Net: NetName=NetC24_2 Pin=U3-2
Added Pin To Net: NetName=NetC23_1 Pin=U3-3
Added Pin To Net: NetName=NetC23_2 Pin=U3-4
Added Pin To Net: NetName=SN_2 Pin=U3-5
Added Pin To Net: NetName=NetR13_2 Pin=U3-6
Added Pin To Net: NetName=NetC27_2 Pin=U3-7
Added Pin To Net: NetName=DVDD Pin=U3-8
Added Pin To Net: NetName=nFAULT Pin=U3-9
Added Pin To Net: NetName=SNSOUT Pin=U3-10
Added Pin To Net: NetName=NetU3_11 Pin=U3-11
Added Pin To Net: NetName=NetR19_2 Pin=U3-12
Added Pin To Net: NetName=NetR23_2 Pin=U3-13
Added Pin To Net: NetName=NetR24_2 Pin=U3-14
Added Pin To Net: NetName=NetU3_15 Pin=U3-15
Added Pin To Net: NetName=SN_2 Pin=U3-16
Added Pin To Net: NetName=GH1 Pin=U3-17
Added Pin To Net: NetName=SH1 Pin=U3-18
Added Pin To Net: NetName=GL1 Pin=U3-19
Added Pin To Net: NetName=SN_2 Pin=U3-20
Added Pin To Net: NetName=SP Pin=U3-21
Added Pin To Net: NetName=GL2 Pin=U3-22
Added Pin To Net: NetName=SH2 Pin=U3-23
Added Pin To Net: NetName=GH2 Pin=U3-24
Added Pin To Net: NetName=SN_2 Pin=U3-25
Added Pin To Net: NetName=SN_2 Pin=U4-1
Added Pin To Net: NetName=NetU4_2 Pin=U4-2
Added Pin To Net: NetName=NetU4_3 Pin=U4-3
Added Pin To Net: NetName=+3V3 Pin=U4-4
Added Pin To Net: NetName=CH340USB_P Pin=U4-5
Added Pin To Net: NetName=CH340USB_N Pin=U4-6
Added Pin To Net: NetName=NetU4_14 Pin=U4-14
Added Pin To Net: NetName=+3V3 Pin=U4-16
Added Pin To Net: NetName=SN_2 Pin=U5-1
Added Pin To Net: NetName=SN_2 Pin=U5-2
Added Pin To Net: NetName=NetR27_2 Pin=U5-3
Added Pin To Net: NetName=SN_2 Pin=U5-4
Added Pin To Net: NetName=SN_2 Pin=U5-5
Added Pin To Net: NetName=NetC32_1 Pin=U5-10
Added Pin To Net: NetName=NetC32_2 Pin=U5-11
Added Pin To Net: NetName=NetC30_2 Pin=U5-12
Added Pin To Net: NetName=+3V3 Pin=U5-13
Added Pin To Net: NetName=NetU5_14 Pin=U5-14
Added Pin To Net: NetName=NetR26_1 Pin=U5-15
Added Pin To Net: NetName=NetR25_1 Pin=U5-16
Added Pin To Net: NetName=NetR26_1 Pin=U6-1
Added Pin To Net: NetName=NetR25_1 Pin=U6-2
Added Pin To Net: NetName=SN_2 Pin=U6-3
Added Pin To Net: NetName=OUTA+ Pin=U6-4
Added Pin To Net: NetName=+3V3 Pin=U6-5
Added Pin To Net: NetName=OUTA- Pin=U6-6
Added Pin To Net: NetName=OUTB+ Pin=U6-7
Added Pin To Net: NetName=+3V3 Pin=U6-8
Added Pin To Net: NetName=OUTB- Pin=U6-9
Added Pin To Net: NetName=NetC44_1 Pin=U6-10
Added Pin To Net: NetName=NetC43_2 Pin=U6-11
Added Pin To Net: NetName=NetC43_1 Pin=U6-12
Added Pin To Net: NetName=NetC37_2 Pin=U6-13
Added Pin To Net: NetName=NetJ7_2 Pin=U6-14
Added Pin To Net: NetName=NetJ7_3 Pin=U6-15
Added Pin To Net: NetName=NetC37_2 Pin=U6-16
Added Pin To Net: NetName=SN_2 Pin=U6-17
Added Pin To Net: NetName=NetC52_1 Pin=U6-18
Added Pin To Net: NetName=NetC51_1 Pin=U6-19
Added Pin To Net: NetName=NetC49_1 Pin=U6-27
Added Pin To Net: NetName=NetC50_1 Pin=U6-28
Added Pin To Net: NetName=SN_2 Pin=U6-31
Added Pin To Net: NetName=RESET_DAC Pin=U6-32
Added Pin To Net: NetName=+3V3 Pin=U6-33
Added Pin To Net: NetName=+1V8 Pin=U6-34
Added Pin To Net: NetName=SN_2 Pin=U6-35
Added Pin To Net: NetName=NetU6_37 Pin=U6-37
Added Pin To Net: NetName=NetU6_38 Pin=U6-38
Added Pin To Net: NetName=NetU6_39 Pin=U6-39
Added Pin To Net: NetName=NetU6_40 Pin=U6-40
Added Pin To Net: NetName=SN_2 Pin=U6-41
Added Pin To Net: NetName=+3V3 Pin=U7-1
Added Pin To Net: NetName=NetR33_1 Pin=U7-2
Added Pin To Net: NetName=NetU7_3 Pin=U7-3
Added Pin To Net: NetName=NetU7_4 Pin=U7-4
Added Pin To Net: NetName=SN_2 Pin=U7-5
Added Pin To Net: NetName=SN_2 Pin=U7-5
Added Pin To Net: NetName=SN_2 Pin=U7-5
Added Pin To Net: NetName=SN_2 Pin=U7-5
Added Pin To Net: NetName=NetU2_27 Pin=U8-1
Added Pin To Net: NetName=+3V3 Pin=U8-6
Added Pin To Net: NetName=SN_2 Pin=U8-10
Added Pin To Net: NetName=NetU8_11 Pin=U8-11
Added Pin To Net: NetName=NetC66_2 Pin=U8-12
Added Pin To Net: NetName=NetC73_2 Pin=U8-13
Added Pin To Net: NetName=NRST_F407 Pin=U8-14
Added Pin To Net: NetName=NetU2_12 Pin=U8-16
Added Pin To Net: NetName=NetU2_26 Pin=U8-17
Added Pin To Net: NetName=NetU2_22 Pin=U8-18
Added Pin To Net: NetName=NetU8_11 Pin=U8-19
Added Pin To Net: NetName=SN_2 Pin=U8-20
Added Pin To Net: NetName=NetC67_2 Pin=U8-21
Added Pin To Net: NetName=NetC67_2 Pin=U8-22
Added Pin To Net: NetName=NetDS2_A Pin=U8-23
Added Pin To Net: NetName=NetU2_19 Pin=U8-24
Added Pin To Net: NetName=NetR10_1 Pin=U8-25
Added Pin To Net: NetName=NetDS1_A Pin=U8-26
Added Pin To Net: NetName=SN_2 Pin=U8-27
Added Pin To Net: NetName=NetU8_11 Pin=U8-28
Added Pin To Net: NetName=NetU6_37 Pin=U8-29
Added Pin To Net: NetName=NetU3_11 Pin=U8-30
Added Pin To Net: NetName=NetU8_31 Pin=U8-31
Added Pin To Net: NetName=NetU2_18 Pin=U8-32
Added Pin To Net: NetName=NetU2_16 Pin=U8-33
Added Pin To Net: NetName=NetU2_15 Pin=U8-34
Added Pin To Net: NetName=NetU2_14 Pin=U8-35
Added Pin To Net: NetName=NetU2_13 Pin=U8-36
Added Pin To Net: NetName=NetR34_2 Pin=U8-37
Added Pin To Net: NetName=NetR24_2 Pin=U8-45
Added Pin To Net: NetName=NetU2_20 Pin=U8-47
Added Pin To Net: NetName=NetU2_23 Pin=U8-48
Added Pin To Net: NetName=NetC72_2 Pin=U8-49
Added Pin To Net: NetName=NetU8_11 Pin=U8-50
Added Pin To Net: NetName=NetU2_24 Pin=U8-51
Added Pin To Net: NetName=NetU2_25 Pin=U8-52
Added Pin To Net: NetName=NetU7_4 Pin=U8-53
Added Pin To Net: NetName=RESET_DAC Pin=U8-54
Added Pin To Net: NetName=NetR27_2 Pin=U8-55
Added Pin To Net: NetName=NetU5_14 Pin=U8-56
Added Pin To Net: NetName=NetU4_14 Pin=U8-57
Added Pin To Net: NetName=SNSOUT_2 Pin=U8-58
Added Pin To Net: NetName=nFAULT_2 Pin=U8-59
Added Pin To Net: NetName=NetU8_60 Pin=U8-60
Added Pin To Net: NetName=SNSOUT Pin=U8-61
Added Pin To Net: NetName=nFAULT Pin=U8-62
Added Pin To Net: NetName=NetU3_15 Pin=U8-63
Added Pin To Net: NetName=PHY_RESET Pin=U8-64
Added Pin To Net: NetName=NetU7_3 Pin=U8-65
Added Pin To Net: NetName=NetR48_2 Pin=U8-66
Added Pin To Net: NetName=EXT_UART_TX Pin=U8-68
Added Pin To Net: NetName=EXT_UART_RX Pin=U8-69
Added Pin To Net: NetName=CAN_RX Pin=U8-70
Added Pin To Net: NetName=CAN_TX Pin=U8-71
Added Pin To Net: NetName=NetU1_25 Pin=U8-72
Added Pin To Net: NetName=NetC71_2 Pin=U8-73
Added Pin To Net: NetName=SN_2 Pin=U8-74
Added Pin To Net: NetName=NetU8_11 Pin=U8-75
Added Pin To Net: NetName=NetU1_18 Pin=U8-76
Added Pin To Net: NetName=NetU4_3 Pin=U8-78
Added Pin To Net: NetName=NetU4_2 Pin=U8-79
Added Pin To Net: NetName=NetU6_39 Pin=U8-80
Added Pin To Net: NetName=NetU6_38 Pin=U8-89
Added Pin To Net: NetName=NetU6_40 Pin=U8-90
Added Pin To Net: NetName=NetR25_1 Pin=U8-92
Added Pin To Net: NetName=NetR26_1 Pin=U8-93
Added Pin To Net: NetName=NetR36_2 Pin=U8-94
Added Pin To Net: NetName=SN_2 Pin=U8-99
Added Pin To Net: NetName=NetU8_11 Pin=U8-100
Added Pin To Net: NetName=+12V Pin=U9-1
Added Pin To Net: NetName=NetC76_2 Pin=U9-2
Added Pin To Net: NetName=NetC75_1 Pin=U9-3
Added Pin To Net: NetName=NetC75_2 Pin=U9-4
Added Pin To Net: NetName=SN_2 Pin=U9-5
Added Pin To Net: NetName=NetR37_2 Pin=U9-6
Added Pin To Net: NetName=NetC79_2 Pin=U9-7
Added Pin To Net: NetName=DVDD Pin=U9-8
Added Pin To Net: NetName=nFAULT_2 Pin=U9-9
Added Pin To Net: NetName=SNSOUT_2 Pin=U9-10
Added Pin To Net: NetName=NetU8_31 Pin=U9-11
Added Pin To Net: NetName=NetR43_2 Pin=U9-12
Added Pin To Net: NetName=NetR47_2 Pin=U9-13
Added Pin To Net: NetName=NetR48_2 Pin=U9-14
Added Pin To Net: NetName=NetU8_60 Pin=U9-15
Added Pin To Net: NetName=SN_2 Pin=U9-16
Added Pin To Net: NetName=GH1_2 Pin=U9-17
Added Pin To Net: NetName=SH1_2 Pin=U9-18
Added Pin To Net: NetName=GL1_2 Pin=U9-19
Added Pin To Net: NetName=SN_2 Pin=U9-20
Added Pin To Net: NetName=SP_2 Pin=U9-21
Added Pin To Net: NetName=GL2_2 Pin=U9-22
Added Pin To Net: NetName=SH2_2 Pin=U9-23
Added Pin To Net: NetName=GH2_2 Pin=U9-24
Added Pin To Net: NetName=SN_2 Pin=U9-25
Added Pin To Net: NetName=SN_2 Pin=U10-1
Added Pin To Net: NetName=+3V3 Pin=U10-2
Added Pin To Net: NetName=NetC87_2 Pin=U10-3
Added Pin To Net: NetName=+3V3 Pin=U10-4
Added Pin To Net: NetName=SN_2 Pin=U11-1
Added Pin To Net: NetName=+1V8 Pin=U11-2
Added Pin To Net: NetName=NetC93_2 Pin=U11-3
Added Pin To Net: NetName=+1V8 Pin=U11-4
Added Pin To Net: NetName=NetC6_2 Pin=X1-1
Added Pin To Net: NetName=NetC5_2 Pin=X1-2
Added Pin To Net: NetName=NetC73_2 Pin=X2-1
Added Pin To Net: NetName=NetC66_2 Pin=X2-2
Added Pin To Net: NetName=NetC21_2 Pin=Y1-1
Added Pin To Net: NetName=NetC20_2 Pin=Y1-2
Added Member To Class: ClassName=[3] - STM32F103 Debugger Member=Component C1 4.7uF
Added Member To Class: ClassName=[3] - STM32F103 Debugger Member=Component C2 0.1uF
Added Member To Class: ClassName=[3] - STM32F103 Debugger Member=Component C3 0.1uF
Added Member To Class: ClassName=[3] - STM32F103 Debugger Member=Component C4 0.1uF
Added Member To Class: ClassName=[3] - STM32F103 Debugger Member=Component C5 30pF
Added Member To Class: ClassName=[3] - STM32F103 Debugger Member=Component C6 30pF
Added Member To Class: ClassName=[3] - STM32F103 Debugger Member=Component C7 1uF
Added Member To Class: ClassName=[3] - STM32F103 Debugger Member=Component C8 10nF
Added Member To Class: ClassName=[3] - STM32F103 Debugger Member=Component C9 0.1uF
Added Member To Class: ClassName=[3] - STM32F103 Debugger Member=Component C10 0.1uF
Added Member To Class: ClassName=[4] - Ethernet PHY Member=Component C11 2nF
Added Member To Class: ClassName=[4] - Ethernet PHY Member=Component C12 10uF
Added Member To Class: ClassName=[4] - Ethernet PHY Member=Component C13 1uF
Added Member To Class: ClassName=[4] - Ethernet PHY Member=Component C14 0.1uF
Added Member To Class: ClassName=[4] - Ethernet PHY Member=Component C15 10nF
Added Member To Class: ClassName=[4] - Ethernet PHY Member=Component C16 10nF
Added Member To Class: ClassName=[4] - Ethernet PHY Member=Component C17 0.1uF
Added Member To Class: ClassName=[4] - Ethernet PHY Member=Component C18 1uF
Added Member To Class: ClassName=[4] - Ethernet PHY Member=Component C19 10uF
Added Member To Class: ClassName=[4] - Ethernet PHY Member=Component C20 20pF
Added Member To Class: ClassName=[4] - Ethernet PHY Member=Component C21 20pF
Added Member To Class: ClassName=[4] - Ethernet PHY Member=Component C22 10nF
Added Member To Class: ClassName=[5] - Motor Driver Schematic Member=Component C23 0.1uF
Added Member To Class: ClassName=[5] - Motor Driver Schematic Member=Component C24 1uF
Added Member To Class: ClassName=[5] - Motor Driver Schematic Member=Component C25 100uF
Added Member To Class: ClassName=[5] - Motor Driver Schematic Member=Component C26 0.1uF
Added Member To Class: ClassName=[5] - Motor Driver Schematic Member=Component C27 1uF
Added Member To Class: ClassName=[5] - Motor Driver Schematic Member=Component C28 1uF
Added Member To Class: ClassName=[6] - CH340C Member=Component C29 0.1uF
Added Member To Class: ClassName=[7] - ADC Chip Member=Component C30 0.1uF
Added Member To Class: ClassName=[7] - ADC Chip Member=Component C31 0.1uF
Added Member To Class: ClassName=[7] - ADC Chip Member=Component C32 0.1uF
Added Member To Class: ClassName=[7] - ADC Chip Member=Component C33 10nF
Added Member To Class: ClassName=[7] - ADC Chip Member=Component C34 10nF
Added Member To Class: ClassName=[7] - ADC Chip Member=Component C35 0.1uF
Added Member To Class: ClassName=[8] - DAC and MIC Member=Component C36 22nF
Added Member To Class: ClassName=[8] - DAC and MIC Member=Component C37 0.1uF
Added Member To Class: ClassName=[8] - DAC and MIC Member=Component C38 0.1uF
Added Member To Class: ClassName=[8] - DAC and MIC Member=Component C39 1uF
Added Member To Class: ClassName=[8] - DAC and MIC Member=Component C40 22nF
Added Member To Class: ClassName=[8] - DAC and MIC Member=Component C41 1uF
Added Member To Class: ClassName=[8] - DAC and MIC Member=Component C42 0.1uF
Added Member To Class: ClassName=[8] - DAC and MIC Member=Component C43 1uF
Added Member To Class: ClassName=[8] - DAC and MIC Member=Component C44 1uF
Added Member To Class: ClassName=[8] - DAC and MIC Member=Component C45 0.1uF
Added Member To Class: ClassName=[8] - DAC and MIC Member=Component C46 1uF
Added Member To Class: ClassName=[8] - DAC and MIC Member=Component C47 10uF
Added Member To Class: ClassName=[8] - DAC and MIC Member=Component C48 0.1uF
Added Member To Class: ClassName=[8] - DAC and MIC Member=Component C49 150pF
Added Member To Class: ClassName=[8] - DAC and MIC Member=Component C50 150pF
Added Member To Class: ClassName=[8] - DAC and MIC Member=Component C51 1uF
Added Member To Class: ClassName=[8] - DAC and MIC Member=Component C52 10uF
Added Member To Class: ClassName=[8] - DAC and MIC Member=Component C53 0.1uF
Added Member To Class: ClassName=[8] - DAC and MIC Member=Component C54 1uF
Added Member To Class: ClassName=[9] - STM32F407 Controller Member=Component C55 0.1uF
Added Member To Class: ClassName=[9] - STM32F407 Controller Member=Component C56 0.1uF
Added Member To Class: ClassName=[9] - STM32F407 Controller Member=Component C57 4.7uF
Added Member To Class: ClassName=[9] - STM32F407 Controller Member=Component C58 4.7uF
Added Member To Class: ClassName=[9] - STM32F407 Controller Member=Component C59 0.1uF
Added Member To Class: ClassName=[9] - STM32F407 Controller Member=Component C60 0.1uF
Added Member To Class: ClassName=[9] - STM32F407 Controller Member=Component C61 0.1uF
Added Member To Class: ClassName=[9] - STM32F407 Controller Member=Component C62 0.1uF
Added Member To Class: ClassName=[9] - STM32F407 Controller Member=Component C63 0.1uF
Added Member To Class: ClassName=[9] - STM32F407 Controller Member=Component C64 0.1uF
Added Member To Class: ClassName=[9] - STM32F407 Controller Member=Component C65 0.1uF
Added Member To Class: ClassName=[9] - STM32F407 Controller Member=Component C66 30pF
Added Member To Class: ClassName=[9] - STM32F407 Controller Member=Component C67 1uF
Added Member To Class: ClassName=[9] - STM32F407 Controller Member=Component C68 1uF
Added Member To Class: ClassName=[9] - STM32F407 Controller Member=Component C69 0.1uF
Added Member To Class: ClassName=[9] - STM32F407 Controller Member=Component C70 0.1uF
Added Member To Class: ClassName=[9] - STM32F407 Controller Member=Component C71 2.2uF
Added Member To Class: ClassName=[9] - STM32F407 Controller Member=Component C72 2.2uF
Added Member To Class: ClassName=[9] - STM32F407 Controller Member=Component C73 30pF
Added Member To Class: ClassName=[9] - STM32F407 Controller Member=Component C74 0.1uF
Added Member To Class: ClassName=[10] - Motor Driver Schematic2 Member=Component C75 0.1uF
Added Member To Class: ClassName=[10] - Motor Driver Schematic2 Member=Component C76 1uF
Added Member To Class: ClassName=[10] - Motor Driver Schematic2 Member=Component C77 100uF
Added Member To Class: ClassName=[10] - Motor Driver Schematic2 Member=Component C78 0.1uF
Added Member To Class: ClassName=[10] - Motor Driver Schematic2 Member=Component C79 1uF
Added Member To Class: ClassName=[10] - Motor Driver Schematic2 Member=Component C80 1uF
Added Member To Class: ClassName=[11] - Power Input and Regulators Member=Component C81 100uF
Added Member To Class: ClassName=[11] - Power Input and Regulators Member=Component C82 100uF
Added Member To Class: ClassName=[11] - Power Input and Regulators Member=Component C83 100uF
Added Member To Class: ClassName=[11] - Power Input and Regulators Member=Component C84 10uF
Added Member To Class: ClassName=[11] - Power Input and Regulators Member=Component C85 1uF
Added Member To Class: ClassName=[11] - Power Input and Regulators Member=Component C86 0.1uF
Added Member To Class: ClassName=[11] - Power Input and Regulators Member=Component C87 10uF
Added Member To Class: ClassName=[11] - Power Input and Regulators Member=Component C88 1uF
Added Member To Class: ClassName=[11] - Power Input and Regulators Member=Component C89 0.1uF
Added Member To Class: ClassName=[11] - Power Input and Regulators Member=Component C90 10uF
Added Member To Class: ClassName=[11] - Power Input and Regulators Member=Component C91 1uF
Added Member To Class: ClassName=[11] - Power Input and Regulators Member=Component C92 0.1uF
Added Member To Class: ClassName=[11] - Power Input and Regulators Member=Component C93 10uF
Added Member To Class: ClassName=[11] - Power Input and Regulators Member=Component C94 1uF
Added Member To Class: ClassName=[11] - Power Input and Regulators Member=Component C95 0.1uF
Added Member To Class: ClassName=[4] - Ethernet PHY Member=Component D1 ESD3V3D9-TP
Added Member To Class: ClassName=[4] - Ethernet PHY Member=Component D2 ESD3V3D9-TP
Added Member To Class: ClassName=[4] - Ethernet PHY Member=Component D3 ESD3V3D9-TP
Added Member To Class: ClassName=[4] - Ethernet PHY Member=Component D4 ESD3V3D9-TP
Added Member To Class: ClassName=[11] - Power Input and Regulators Member=Component D5 MBRS130LT3G
Added Member To Class: ClassName=[11] - Power Input and Regulators Member=Component D6 BZT52C3V3-7-F
Added Member To Class: ClassName=[11] - Power Input and Regulators Member=Component D7 MBRS130LT3G
Added Member To Class: ClassName=[11] - Power Input and Regulators Member=Component D8 1.8V Zener
Added Member To Class: ClassName=[4] - Ethernet PHY Member=Component DS1 RED LED
Added Member To Class: ClassName=[4] - Ethernet PHY Member=Component DS2 RED LED
Added Member To Class: ClassName=[4] - Ethernet PHY Member=Component FB1 1K
Added Member To Class: ClassName=[4] - Ethernet PHY Member=Component FB2 1K
Added Member To Class: ClassName=[7] - ADC Chip Member=Component FB3 1K
Added Member To Class: ClassName=[8] - DAC and MIC Member=Component FB4 1K
Added Member To Class: ClassName=[9] - STM32F407 Controller Member=Component FB5 1K
Added Member To Class: ClassName=[3] - STM32F103 Debugger Member=Component J1 Bergstrip 2.54mm
Added Member To Class: ClassName=[3] - STM32F103 Debugger Member=Component J2 USB2.0 MINI B
Added Member To Class: ClassName=[4] - Ethernet PHY Member=Component J3 RJ45 LAN
Added Member To Class: ClassName=[5] - Motor Driver Schematic Member=Component J4 B2B-XH-A(LF)(SN)
Added Member To Class: ClassName=[6] - CH340C Member=Component J5 USB2.0 MINI B
Added Member To Class: ClassName=[7] - ADC Chip Member=Component J6 1.25MM Spade 4PIN
Added Member To Class: ClassName=[8] - DAC and MIC Member=Component J7 4X1 STEREO
Added Member To Class: ClassName=[9] - STM32F407 Controller Member=Component J8 B4B-XH-A(LF)(SN)
Added Member To Class: ClassName=[9] - STM32F407 Controller Member=Component J9 B4B-XH-A(LF)(SN)
Added Member To Class: ClassName=[10] - Motor Driver Schematic2 Member=Component J10 B2B-XH-A(LF)(SN)
Added Member To Class: ClassName=[11] - Power Input and Regulators Member=Component J11 Terminal Block 2.5mm
Added Member To Class: ClassName=[8] - DAC and MIC Member=Component J12 4X1 BERG STRIP
Added Member To Class: ClassName=[5] - Motor Driver Schematic Member=Component Q1 DMHT6016LFJ-13
Added Member To Class: ClassName=[10] - Motor Driver Schematic2 Member=Component Q2 DMHT6016LFJ-13
Added Member To Class: ClassName=[3] - STM32F103 Debugger Member=Component R1 100K
Added Member To Class: ClassName=[3] - STM32F103 Debugger Member=Component R2 1.5K
Added Member To Class: ClassName=[3] - STM32F103 Debugger Member=Component R3 100K
Added Member To Class: ClassName=[3] - STM32F103 Debugger Member=Component R4 10K
Added Member To Class: ClassName=[4] - Ethernet PHY Member=Component R5 3K3
Added Member To Class: ClassName=[4] - Ethernet PHY Member=Component R6 3K3
Added Member To Class: ClassName=[4] - Ethernet PHY Member=Component R7 3K3
Added Member To Class: ClassName=[4] - Ethernet PHY Member=Component R8 10K
Added Member To Class: ClassName=[4] - Ethernet PHY Member=Component R9 10K
Added Member To Class: ClassName=[4] - Ethernet PHY Member=Component R10 10K
Added Member To Class: ClassName=[4] - Ethernet PHY Member=Component R11 6.49K
Added Member To Class: ClassName=[4] - Ethernet PHY Member=Component R12 1M
Added Member To Class: ClassName=[5] - Motor Driver Schematic Member=Component R13 2K2
Added Member To Class: ClassName=[5] - Motor Driver Schematic Member=Component R14 3K3
Added Member To Class: ClassName=[5] - Motor Driver Schematic Member=Component R15 10K
Added Member To Class: ClassName=[5] - Motor Driver Schematic Member=Component R16 10K
Added Member To Class: ClassName=[5] - Motor Driver Schematic Member=Component R17 10K
Added Member To Class: ClassName=[5] - Motor Driver Schematic Member=Component R18 10K
Added Member To Class: ClassName=[5] - Motor Driver Schematic Member=Component R19 33K
Added Member To Class: ClassName=[5] - Motor Driver Schematic Member=Component R20 50mOHM
Added Member To Class: ClassName=[5] - Motor Driver Schematic Member=Component R21 10K
Added Member To Class: ClassName=[5] - Motor Driver Schematic Member=Component R22 10K
Added Member To Class: ClassName=[5] - Motor Driver Schematic Member=Component R23 10K
Added Member To Class: ClassName=[5] - Motor Driver Schematic Member=Component R24 10K
Added Member To Class: ClassName=[7] - ADC Chip Member=Component R25 10K
Added Member To Class: ClassName=[7] - ADC Chip Member=Component R26 10K
Added Member To Class: ClassName=[7] - ADC Chip Member=Component R27 100K
Added Member To Class: ClassName=[7] - ADC Chip Member=Component R28 1K
Added Member To Class: ClassName=[7] - ADC Chip Member=Component R29 1K
Added Member To Class: ClassName=[8] - DAC and MIC Member=Component R30 10K
Added Member To Class: ClassName=[8] - DAC and MIC Member=Component R31 51.1R
Added Member To Class: ClassName=[8] - DAC and MIC Member=Component R32 51.1R
Added Member To Class: ClassName=[8] - DAC and MIC Member=Component R33 10K
Added Member To Class: ClassName=[9] - STM32F407 Controller Member=Component R34 100K
Added Member To Class: ClassName=[9] - STM32F407 Controller Member=Component R35 10K
Added Member To Class: ClassName=[9] - STM32F407 Controller Member=Component R36 100K
Added Member To Class: ClassName=[10] - Motor Driver Schematic2 Member=Component R37 2K2
Added Member To Class: ClassName=[10] - Motor Driver Schematic2 Member=Component R38 3K3
Added Member To Class: ClassName=[10] - Motor Driver Schematic2 Member=Component R39 10K
Added Member To Class: ClassName=[10] - Motor Driver Schematic2 Member=Component R40 10K
Added Member To Class: ClassName=[10] - Motor Driver Schematic2 Member=Component R41 10K
Added Member To Class: ClassName=[10] - Motor Driver Schematic2 Member=Component R42 10K
Added Member To Class: ClassName=[10] - Motor Driver Schematic2 Member=Component R43 33K
Added Member To Class: ClassName=[10] - Motor Driver Schematic2 Member=Component R44 50mOHM
Added Member To Class: ClassName=[10] - Motor Driver Schematic2 Member=Component R45 10K
Added Member To Class: ClassName=[10] - Motor Driver Schematic2 Member=Component R46 10K
Added Member To Class: ClassName=[10] - Motor Driver Schematic2 Member=Component R47 10K
Added Member To Class: ClassName=[10] - Motor Driver Schematic2 Member=Component R48 10K
Added Member To Class: ClassName=[3] - STM32F103 Debugger Member=Component SW1 TACTILE SWITCH
Added Member To Class: ClassName=[4] - Ethernet PHY Member=Component SW2 TACTILE SWITCH
Added Member To Class: ClassName=[9] - STM32F407 Controller Member=Component SW3 TACTILE SWITCH
Added Member To Class: ClassName=[3] - STM32F103 Debugger Member=Component U1 STM32F103C8T6
Added Member To Class: ClassName=[4] - Ethernet PHY Member=Component U2 DP83826IRHBR
Added Member To Class: ClassName=[5] - Motor Driver Schematic Member=Component U3 DRV8701ERGET
Added Member To Class: ClassName=[6] - CH340C Member=Component U4 CH340C
Added Member To Class: ClassName=[7] - ADC Chip Member=Component U5 ADS122C04IPW
Added Member To Class: ClassName=[8] - DAC and MIC Member=Component U6 CS43L22-CNZ
Added Member To Class: ClassName=[8] - DAC and MIC Member=Component U7 IMP34DT05TR
Added Member To Class: ClassName=[9] - STM32F407 Controller Member=Component U8 STM32F407VGT6
Added Member To Class: ClassName=[10] - Motor Driver Schematic2 Member=Component U9 DRV8701ERGET
Added Member To Class: ClassName=[11] - Power Input and Regulators Member=Component U10 LD1117S33CTR
Added Member To Class: ClassName=[11] - Power Input and Regulators Member=Component U11 LD1117S33CTR
Added Member To Class: ClassName=[3] - STM32F103 Debugger Member=Component X1 8Mhz
Added Member To Class: ClassName=[9] - STM32F407 Controller Member=Component X2 8Mhz
Added Member To Class: ClassName=[4] - Ethernet PHY Member=Component Y1 25Mhz -14mm
Added Room: Name=[3] - STM32F103 Debugger
Added Room: Name=[4] - Ethernet PHY
Added Room: Name=[5] - Motor Driver Schematic
Added Room: Name=[6] - CH340C
Added Room: Name=[7] - ADC Chip
Added Room: Name=[8] - DAC and MIC
Added Room: Name=[9] - STM32F407 Controller
Added Room: Name=[10] - Motor Driver Schematic2
Added Room: Name=[11] - Power Input and Regulators
